source_url,destination_url,anchor_text,rel,is_internal
https://media87.com/,https://chat.media87.com/share/bfa81d9bba3647f9907117b422fca4cf,Contact for free consultation,,False
https://media87.com/,https://media87.com,,,True
https://media87.com/,https://media87.com/,Home,,True
https://media87.com/,https://media87.com/,Home,,True
https://media87.com/,https://media87.com/about-us/,About Us,,True
https://media87.com/,https://media87.com/about-us/,About Us,,True
https://media87.com/,https://media87.com/ai-video-creation-service/,AI Video Creation Service,,True
https://media87.com/,https://media87.com/ai-video-creation-service/,AI Video Creation Service,,True
https://media87.com/,https://media87.com/ai-video-creation-service/,Learn more,,True
https://media87.com/,https://media87.com/contact-us/,Contact Us,,True
https://media87.com/,https://media87.com/contact-us/,Contact Us,,True
https://media87.com/,https://media87.com/services/,Services,,True
https://media87.com/,https://media87.com/services/,Services,,True
https://media87.com/,https://player.vimeo.com/video/1136349054?playlist=1136349054&muted=0&autoplay=0&loop=no&controls=0&start=&end=&title=0&portrait=0&byline=0,,,False
https://media87.com/,https://www.facebook.com/media87hq,Facebook-f,,False
https://media87.com/,https://www.instagram.com/media87hq/,Instagram,,False
https://media87.com/,https://www.youtube.com/channel/UC4aK2G676UhHPvI_KjMdxVA,Youtube,,False
https://media87.com/about-us/,https://media87.com,,,True
https://media87.com/about-us/,https://media87.com/,Home,,True
https://media87.com/about-us/,https://media87.com/,Home,,True
https://media87.com/about-us/,https://media87.com/about-us/,About Us,,True
https://media87.com/about-us/,https://media87.com/about-us/,About Us,,True
https://media87.com/about-us/,https://media87.com/ai-video-creation-service/,AI Video Creation Service,,True
https://media87.com/about-us/,https://media87.com/ai-video-creation-service/,AI Video Creation Service,,True
https://media87.com/about-us/,https://media87.com/contact-us/,Contact Us,,True
https://media87.com/about-us/,https://media87.com/contact-us/,Contact Us,,True
https://media87.com/about-us/,https://media87.com/contact-us/,Get Started,,True
https://media87.com/about-us/,https://media87.com/services/,Discover more,,True
https://media87.com/about-us/,https://media87.com/services/,Learn more,,True
https://media87.com/about-us/,https://media87.com/services/,Services,,True
https://media87.com/about-us/,https://media87.com/services/,Services,,True
https://media87.com/about-us/,https://www.facebook.com/media87hq,Facebook-f,,False
https://media87.com/about-us/,https://www.instagram.com/media87hq/,Instagram,,False
https://media87.com/about-us/,https://www.youtube.com/channel/UC4aK2G676UhHPvI_KjMdxVA,Youtube,,False
https://media87.com/ai-seo-dubai-smes-30-day-checklist/,https://media87.com,,,True
https://media87.com/ai-seo-dubai-smes-30-day-checklist/,https://media87.com/,30-day execution checklist,,True
https://media87.com/ai-seo-dubai-smes-30-day-checklist/,https://media87.com/,Common mistakes to avoid,,True
https://media87.com/ai-seo-dubai-smes-30-day-checklist/,https://media87.com/,FAQ,,True
https://media87.com/ai-seo-dubai-smes-30-day-checklist/,https://media87.com/,Home,,True
https://media87.com/ai-seo-dubai-smes-30-day-checklist/,https://media87.com/,Home,,True
https://media87.com/ai-seo-dubai-smes-30-day-checklist/,https://media87.com/,KPI framework for practical decision-making,,True
https://media87.com/ai-seo-dubai-smes-30-day-checklist/,https://media87.com/,Week 1: Build the foundation,,True
https://media87.com/ai-seo-dubai-smes-30-day-checklist/,https://media87.com/,Week 2: Build useful content that supports money pages,,True
https://media87.com/ai-seo-dubai-smes-30-day-checklist/,https://media87.com/,"Week 3: Publish, interlink, and strengthen local trust signals",,True
https://media87.com/ai-seo-dubai-smes-30-day-checklist/,https://media87.com/,"Week 4: Measure, optimize, and scale carefully",,True
https://media87.com/ai-seo-dubai-smes-30-day-checklist/,https://media87.com/,What AI SEO means for Dubai SMEs,,True
https://media87.com/ai-seo-dubai-smes-30-day-checklist/,https://media87.com/2026/05/31/,"May 31, 2026",,True
https://media87.com/ai-seo-dubai-smes-30-day-checklist/,https://media87.com/about-us/,About Us,,True
https://media87.com/ai-seo-dubai-smes-30-day-checklist/,https://media87.com/about-us/,About Us,,True
https://media87.com/ai-seo-dubai-smes-30-day-checklist/,https://media87.com/ai-seo-dubai-smes-30-day-checklist/,Cancel reply,nofollow,True
https://media87.com/ai-seo-dubai-smes-30-day-checklist/,https://media87.com/ai-seo-dubai-smes-30-day-checklist/,No Comments,,True
https://media87.com/ai-seo-dubai-smes-30-day-checklist/,https://media87.com/ai-video-creation-service,AI video creation service,,True
https://media87.com/ai-seo-dubai-smes-30-day-checklist/,https://media87.com/ai-video-creation-service/,AI Video Creation Service,,True
https://media87.com/ai-seo-dubai-smes-30-day-checklist/,https://media87.com/ai-video-creation-service/,AI Video Creation Service,,True
https://media87.com/ai-seo-dubai-smes-30-day-checklist/,https://media87.com/category/blog/,Blog,tag,True
https://media87.com/ai-seo-dubai-smes-30-day-checklist/,https://media87.com/contact-us/,Contact Us,,True
https://media87.com/ai-seo-dubai-smes-30-day-checklist/,https://media87.com/contact-us/,Contact Us,,True
https://media87.com/ai-seo-dubai-smes-30-day-checklist/,https://media87.com/geo-tagging-images-for-seo,geo-tagging images for SEO,,True
https://media87.com/ai-seo-dubai-smes-30-day-checklist/,https://media87.com/google-ads-agency-dubai-questions-before-signing/,,,True
https://media87.com/ai-seo-dubai-smes-30-day-checklist/,https://media87.com/google-ads-agency-dubai-questions-before-signing/,Google Ads Agency Dubai: 12 Questions to Ask Before You Sign,,True
https://media87.com/ai-seo-dubai-smes-30-day-checklist/,https://media87.com/how-to-choose-dubai-digital-marketing-companies-partner/,How to Choose the Right Dubai Digital Marketing Companies Partner in Dubai,,True
https://media87.com/ai-seo-dubai-smes-30-day-checklist/,https://media87.com/seo-consultant-dubai-process-timeline-results/,"SEO Consultant Dubai: Process, Timeline, and Expected Results",,True
https://media87.com/ai-seo-dubai-smes-30-day-checklist/,https://media87.com/services,Services,,True
https://media87.com/ai-seo-dubai-smes-30-day-checklist/,https://media87.com/services/,Services,,True
https://media87.com/ai-seo-dubai-smes-30-day-checklist/,https://media87.com/services/,Services,,True
https://media87.com/ai-seo-dubai-smes-30-day-checklist/,https://media87.com/social-media-marketing-agency-dubai-services-costs-hiring-checklist/,"Social Media Marketing Agency Dubai: Services, Costs, and Hiring Checklist",,True
https://media87.com/ai-seo-dubai-smes-30-day-checklist/,https://media87.com/top-mistakes-to-avoid-when-hiring-seo-in-uae/,Top Mistakes to Avoid When Hiring SEO in UAE,,True
https://media87.com/ai-seo-dubai-smes-30-day-checklist/,https://media87.com/website-seo-vs-alternatives-uae-businesses/,Website SEO vs Alternatives: What Works for UAE Businesses for ranking,,True
https://media87.com/ai-seo-dubai-smes-30-day-checklist/,https://www.facebook.com/media87hq,Facebook-f,,False
https://media87.com/ai-seo-dubai-smes-30-day-checklist/,https://www.instagram.com/media87hq/,Instagram,,False
https://media87.com/ai-seo-dubai-smes-30-day-checklist/,https://www.youtube.com/channel/UC4aK2G676UhHPvI_KjMdxVA,Youtube,,False
https://media87.com/ai-video-creation-service/,https://chat.media87.com/share/bfa81d9bba3647f9907117b422fca4cf,Book a Free Consultation,,False
https://media87.com/ai-video-creation-service/,https://chat.media87.com/share/bfa81d9bba3647f9907117b422fca4cf,Get Started,,False
https://media87.com/ai-video-creation-service/,https://chat.media87.com/share/bfa81d9bba3647f9907117b422fca4cf,Get Started,,False
https://media87.com/ai-video-creation-service/,https://media87.com,,,True
https://media87.com/ai-video-creation-service/,https://media87.com/,Home,,True
https://media87.com/ai-video-creation-service/,https://media87.com/,Home,,True
https://media87.com/ai-video-creation-service/,https://media87.com/about-us/,About Us,,True
https://media87.com/ai-video-creation-service/,https://media87.com/about-us/,About Us,,True
https://media87.com/ai-video-creation-service/,https://media87.com/ai-video-creation-service/,AI Video Creation Service,,True
https://media87.com/ai-video-creation-service/,https://media87.com/ai-video-creation-service/,AI Video Creation Service,,True
https://media87.com/ai-video-creation-service/,https://media87.com/contact-us/,Contact Us,,True
https://media87.com/ai-video-creation-service/,https://media87.com/contact-us/,Contact Us,,True
https://media87.com/ai-video-creation-service/,https://media87.com/services/,Services,,True
https://media87.com/ai-video-creation-service/,https://media87.com/services/,Services,,True
https://media87.com/ai-video-creation-service/,https://www.facebook.com/media87hq,Facebook-f,,False
https://media87.com/ai-video-creation-service/,https://www.instagram.com/media87hq/,Instagram,,False
https://media87.com/ai-video-creation-service/,https://www.youtube.com/channel/UC4aK2G676UhHPvI_KjMdxVA,Youtube,,False
https://media87.com/arabic-vs-english-seo-uae-businesses/,https://media87.com,,,True
https://media87.com/arabic-vs-english-seo-uae-businesses/,https://media87.com/,Home,,True
https://media87.com/arabic-vs-english-seo-uae-businesses/,https://media87.com/,Home,,True
https://media87.com/arabic-vs-english-seo-uae-businesses/,https://media87.com/2026/06/02/,"June 2, 2026",,True
https://media87.com/arabic-vs-english-seo-uae-businesses/,https://media87.com/about-us/,About Us,,True
https://media87.com/arabic-vs-english-seo-uae-businesses/,https://media87.com/about-us/,About Us,,True
https://media87.com/arabic-vs-english-seo-uae-businesses/,https://media87.com/ai-video-creation-service/,AI Video Creation Service,,True
https://media87.com/arabic-vs-english-seo-uae-businesses/,https://media87.com/ai-video-creation-service/,AI Video Creation Service,,True
https://media87.com/arabic-vs-english-seo-uae-businesses/,https://media87.com/arabic-vs-english-seo-uae-businesses/,Cancel reply,nofollow,True
https://media87.com/arabic-vs-english-seo-uae-businesses/,https://media87.com/arabic-vs-english-seo-uae-businesses/,No Comments,,True
https://media87.com/arabic-vs-english-seo-uae-businesses/,https://media87.com/category/blog/,Blog,tag,True
https://media87.com/arabic-vs-english-seo-uae-businesses/,https://media87.com/contact-us/,Contact Us,,True
https://media87.com/arabic-vs-english-seo-uae-businesses/,https://media87.com/contact-us/,Contact Us,,True
https://media87.com/arabic-vs-english-seo-uae-businesses/,https://media87.com/google-ads-agency-dubai-questions-before-signing/,,,True
https://media87.com/arabic-vs-english-seo-uae-businesses/,https://media87.com/google-ads-agency-dubai-questions-before-signing/,Google Ads Agency Dubai: 12 Questions to Ask Before You Sign,,True
https://media87.com/arabic-vs-english-seo-uae-businesses/,https://media87.com/how-to-choose-dubai-digital-marketing-companies-partner/,How to Choose the Right Dubai Digital Marketing Companies Partner in Dubai,,True
https://media87.com/arabic-vs-english-seo-uae-businesses/,https://media87.com/seo-consultant-dubai-process-timeline-results/,"SEO Consultant Dubai: Process, Timeline, and Expected Results",,True
https://media87.com/arabic-vs-english-seo-uae-businesses/,https://media87.com/services/,Services,,True
https://media87.com/arabic-vs-english-seo-uae-businesses/,https://media87.com/services/,Services,,True
https://media87.com/arabic-vs-english-seo-uae-businesses/,https://media87.com/social-media-marketing-agency-dubai-services-costs-hiring-checklist/,"Social Media Marketing Agency Dubai: Services, Costs, and Hiring Checklist",,True
https://media87.com/arabic-vs-english-seo-uae-businesses/,https://media87.com/top-mistakes-to-avoid-when-hiring-seo-in-uae/,Top Mistakes to Avoid When Hiring SEO in UAE,,True
https://media87.com/arabic-vs-english-seo-uae-businesses/,https://media87.com/website-seo-vs-alternatives-uae-businesses/,Website SEO vs Alternatives: What Works for UAE Businesses for ranking,,True
https://media87.com/arabic-vs-english-seo-uae-businesses/,https://www.facebook.com/media87hq,Facebook-f,,False
https://media87.com/arabic-vs-english-seo-uae-businesses/,https://www.instagram.com/media87hq/,Instagram,,False
https://media87.com/arabic-vs-english-seo-uae-businesses/,https://www.youtube.com/channel/UC4aK2G676UhHPvI_KjMdxVA,Youtube,,False
https://media87.com/author/muddaser321gmail-com/,https://media87.com,,,True
https://media87.com/author/muddaser321gmail-com/,https://media87.com/,Home,,True
https://media87.com/author/muddaser321gmail-com/,https://media87.com/,Home,,True
https://media87.com/author/muddaser321gmail-com/,https://media87.com/about-us/,About Us,,True
https://media87.com/author/muddaser321gmail-com/,https://media87.com/about-us/,About Us,,True
https://media87.com/author/muddaser321gmail-com/,https://media87.com/ai-video-creation-service/,AI Video Creation Service,,True
https://media87.com/author/muddaser321gmail-com/,https://media87.com/ai-video-creation-service/,AI Video Creation Service,,True
https://media87.com/author/muddaser321gmail-com/,https://media87.com/arabic-vs-english-seo-uae-businesses/,Arabic vs English SEO Strategy for UAE Businesses,,True
https://media87.com/author/muddaser321gmail-com/,https://media87.com/arabic-vs-english-seo-uae-businesses/,Read More »,,True
https://media87.com/author/muddaser321gmail-com/,https://media87.com/contact-us/,Contact Us,,True
https://media87.com/author/muddaser321gmail-com/,https://media87.com/contact-us/,Contact Us,,True
https://media87.com/author/muddaser321gmail-com/,https://media87.com/digital-marketing-agency-dubai-pricing-cost-breakdown/,Digital Marketing Agency Dubai: Pricing in Dubai (2026 Cost Breakdown),,True
https://media87.com/author/muddaser321gmail-com/,https://media87.com/digital-marketing-agency-dubai-pricing-cost-breakdown/,Read More »,,True
https://media87.com/author/muddaser321gmail-com/,https://media87.com/dubai-ecommerce-seo-complete-guide-online-stores/,Dubai E-commerce SEO: A Complete Guide for Online Stores,,True
https://media87.com/author/muddaser321gmail-com/,https://media87.com/dubai-ecommerce-seo-complete-guide-online-stores/,Read More »,,True
https://media87.com/author/muddaser321gmail-com/,https://media87.com/google-ads-agency-dubai-questions-before-signing/,,,True
https://media87.com/author/muddaser321gmail-com/,https://media87.com/google-ads-agency-dubai-questions-before-signing/,Google Ads Agency Dubai: 12 Questions to Ask Before You Sign,,True
https://media87.com/author/muddaser321gmail-com/,https://media87.com/google-ads-agency-dubai-questions-before-signing/,Read More »,,True
https://media87.com/author/muddaser321gmail-com/,https://media87.com/how-long-does-seo-take-uae-realistic-timelines/,How Long Does SEO Take in the UAE? Realistic Timelines,,True
https://media87.com/author/muddaser321gmail-com/,https://media87.com/how-long-does-seo-take-uae-realistic-timelines/,Read More »,,True
https://media87.com/author/muddaser321gmail-com/,https://media87.com/how-to-choose-dubai-digital-marketing-companies-partner/,How to Choose the Right Dubai Digital Marketing Companies Partner in Dubai,,True
https://media87.com/author/muddaser321gmail-com/,https://media87.com/how-to-choose-dubai-digital-marketing-companies-partner/,Read More »,,True
https://media87.com/author/muddaser321gmail-com/,https://media87.com/seo-consultant-dubai-process-timeline-results/,Read More »,,True
https://media87.com/author/muddaser321gmail-com/,https://media87.com/seo-consultant-dubai-process-timeline-results/,"SEO Consultant Dubai: Process, Timeline, and Expected Results",,True
https://media87.com/author/muddaser321gmail-com/,https://media87.com/services/,Services,,True
https://media87.com/author/muddaser321gmail-com/,https://media87.com/services/,Services,,True
https://media87.com/author/muddaser321gmail-com/,https://media87.com/social-media-marketing-agency-dubai-services-costs-hiring-checklist/,Read More »,,True
https://media87.com/author/muddaser321gmail-com/,https://media87.com/social-media-marketing-agency-dubai-services-costs-hiring-checklist/,"Social Media Marketing Agency Dubai: Services, Costs, and Hiring Checklist",,True
https://media87.com/author/muddaser321gmail-com/,https://media87.com/top-mistakes-to-avoid-when-hiring-seo-in-uae/,Read More »,,True
https://media87.com/author/muddaser321gmail-com/,https://media87.com/top-mistakes-to-avoid-when-hiring-seo-in-uae/,Top Mistakes to Avoid When Hiring SEO in UAE,,True
https://media87.com/author/muddaser321gmail-com/,https://media87.com/website-seo-vs-alternatives-uae-businesses/,Read More »,,True
https://media87.com/author/muddaser321gmail-com/,https://media87.com/website-seo-vs-alternatives-uae-businesses/,Website SEO vs Alternatives: What Works for UAE Businesses for ranking,,True
https://media87.com/author/muddaser321gmail-com/,https://www.facebook.com/media87hq,Facebook-f,,False
https://media87.com/author/muddaser321gmail-com/,https://www.instagram.com/media87hq/,Instagram,,False
https://media87.com/author/muddaser321gmail-com/,https://www.youtube.com/channel/UC4aK2G676UhHPvI_KjMdxVA,Youtube,,False
https://media87.com/category/blog/,https://media87.com,,,True
https://media87.com/category/blog/,https://media87.com/,Home,,True
https://media87.com/category/blog/,https://media87.com/,Home,,True
https://media87.com/category/blog/,https://media87.com/about-us/,About Us,,True
https://media87.com/category/blog/,https://media87.com/about-us/,About Us,,True
https://media87.com/category/blog/,https://media87.com/ai-video-creation-service/,AI Video Creation Service,,True
https://media87.com/category/blog/,https://media87.com/ai-video-creation-service/,AI Video Creation Service,,True
https://media87.com/category/blog/,https://media87.com/arabic-vs-english-seo-uae-businesses/,Arabic vs English SEO Strategy for UAE Businesses,,True
https://media87.com/category/blog/,https://media87.com/arabic-vs-english-seo-uae-businesses/,Read More »,,True
https://media87.com/category/blog/,https://media87.com/contact-us/,Contact Us,,True
https://media87.com/category/blog/,https://media87.com/contact-us/,Contact Us,,True
https://media87.com/category/blog/,https://media87.com/digital-marketing-agency-dubai-pricing-cost-breakdown/,Digital Marketing Agency Dubai: Pricing in Dubai (2026 Cost Breakdown),,True
https://media87.com/category/blog/,https://media87.com/digital-marketing-agency-dubai-pricing-cost-breakdown/,Read More »,,True
https://media87.com/category/blog/,https://media87.com/dubai-ecommerce-seo-complete-guide-online-stores/,Dubai E-commerce SEO: A Complete Guide for Online Stores,,True
https://media87.com/category/blog/,https://media87.com/dubai-ecommerce-seo-complete-guide-online-stores/,Read More »,,True
https://media87.com/category/blog/,https://media87.com/google-ads-agency-dubai-questions-before-signing/,,,True
https://media87.com/category/blog/,https://media87.com/google-ads-agency-dubai-questions-before-signing/,Google Ads Agency Dubai: 12 Questions to Ask Before You Sign,,True
https://media87.com/category/blog/,https://media87.com/google-ads-agency-dubai-questions-before-signing/,Read More »,,True
https://media87.com/category/blog/,https://media87.com/how-long-does-seo-take-uae-realistic-timelines/,How Long Does SEO Take in the UAE? Realistic Timelines,,True
https://media87.com/category/blog/,https://media87.com/how-long-does-seo-take-uae-realistic-timelines/,Read More »,,True
https://media87.com/category/blog/,https://media87.com/how-to-choose-dubai-digital-marketing-companies-partner/,How to Choose the Right Dubai Digital Marketing Companies Partner in Dubai,,True
https://media87.com/category/blog/,https://media87.com/how-to-choose-dubai-digital-marketing-companies-partner/,Read More »,,True
https://media87.com/category/blog/,https://media87.com/seo-consultant-dubai-process-timeline-results/,Read More »,,True
https://media87.com/category/blog/,https://media87.com/seo-consultant-dubai-process-timeline-results/,"SEO Consultant Dubai: Process, Timeline, and Expected Results",,True
https://media87.com/category/blog/,https://media87.com/services/,Services,,True
https://media87.com/category/blog/,https://media87.com/services/,Services,,True
https://media87.com/category/blog/,https://media87.com/social-media-marketing-agency-dubai-services-costs-hiring-checklist/,Read More »,,True
https://media87.com/category/blog/,https://media87.com/social-media-marketing-agency-dubai-services-costs-hiring-checklist/,"Social Media Marketing Agency Dubai: Services, Costs, and Hiring Checklist",,True
https://media87.com/category/blog/,https://media87.com/top-mistakes-to-avoid-when-hiring-seo-in-uae/,Read More »,,True
https://media87.com/category/blog/,https://media87.com/top-mistakes-to-avoid-when-hiring-seo-in-uae/,Top Mistakes to Avoid When Hiring SEO in UAE,,True
https://media87.com/category/blog/,https://media87.com/website-seo-vs-alternatives-uae-businesses/,Read More »,,True
https://media87.com/category/blog/,https://media87.com/website-seo-vs-alternatives-uae-businesses/,Website SEO vs Alternatives: What Works for UAE Businesses for ranking,,True
https://media87.com/category/blog/,https://www.facebook.com/media87hq,Facebook-f,,False
https://media87.com/category/blog/,https://www.instagram.com/media87hq/,Instagram,,False
https://media87.com/category/blog/,https://www.youtube.com/channel/UC4aK2G676UhHPvI_KjMdxVA,Youtube,,False
https://media87.com/contact-us/,http://+971%2050%20332%201743,Call Now!,,False
https://media87.com/contact-us/,https://chat.media87.com/share/bfa81d9bba3647f9907117b422fca4cf,,,False
https://media87.com/contact-us/,https://chat.media87.com/share/bfa81d9bba3647f9907117b422fca4cf,Discover more,,False
https://media87.com/contact-us/,https://chat.media87.com/share/bfa81d9bba3647f9907117b422fca4cf,Sales Support,,False
https://media87.com/contact-us/,https://media87.com,,,True
https://media87.com/contact-us/,https://media87.com/,Home,,True
https://media87.com/contact-us/,https://media87.com/,Home,,True
https://media87.com/contact-us/,https://media87.com/about-us/,About Us,,True
https://media87.com/contact-us/,https://media87.com/about-us/,About Us,,True
https://media87.com/contact-us/,https://media87.com/ai-video-creation-service/,AI Video Creation Service,,True
https://media87.com/contact-us/,https://media87.com/ai-video-creation-service/,AI Video Creation Service,,True
https://media87.com/contact-us/,https://media87.com/category/blog/,Read Blog,,True
https://media87.com/contact-us/,https://media87.com/contact-us/,Contact Us,,True
https://media87.com/contact-us/,https://media87.com/contact-us/,Contact Us,,True
https://media87.com/contact-us/,https://media87.com/services/,Services,,True
https://media87.com/contact-us/,https://media87.com/services/,Services,,True
https://media87.com/contact-us/,https://www.facebook.com/media87hq,Facebook-f,,False
https://media87.com/contact-us/,https://www.facebook.com/media87hq,Facebook-f,,False
https://media87.com/contact-us/,https://www.instagram.com/media87hq/,Instagram,,False
https://media87.com/contact-us/,https://www.instagram.com/media87hq/,Instagram,,False
https://media87.com/contact-us/,https://www.youtube.com/channel/UC4aK2G676UhHPvI_KjMdxVA,Youtube,,False
https://media87.com/contact-us/,https://www.youtube.com/channel/UC4aK2G676UhHPvI_KjMdxVA,Youtube,,False
https://media87.com/create-cinematic-style-personal-portfolio/,https://media87.com,,,True
https://media87.com/create-cinematic-style-personal-portfolio/,https://media87.com/,Home,,True
https://media87.com/create-cinematic-style-personal-portfolio/,https://media87.com/,Home,,True
https://media87.com/create-cinematic-style-personal-portfolio/,https://media87.com/2025/12/19/,"December 19, 2025",,True
https://media87.com/create-cinematic-style-personal-portfolio/,https://media87.com/about-us/,About Us,,True
https://media87.com/create-cinematic-style-personal-portfolio/,https://media87.com/about-us/,About Us,,True
https://media87.com/create-cinematic-style-personal-portfolio/,https://media87.com/ai-video-creation-service/,AI Video Creation Service,,True
https://media87.com/create-cinematic-style-personal-portfolio/,https://media87.com/ai-video-creation-service/,AI Video Creation Service,,True
https://media87.com/create-cinematic-style-personal-portfolio/,https://media87.com/category/blog/,Blog,tag,True
https://media87.com/create-cinematic-style-personal-portfolio/,https://media87.com/contact-us/,Contact Us,,True
https://media87.com/create-cinematic-style-personal-portfolio/,https://media87.com/contact-us/,Contact Us,,True
https://media87.com/create-cinematic-style-personal-portfolio/,https://media87.com/create-cinematic-style-personal-portfolio/,Cancel reply,nofollow,True
https://media87.com/create-cinematic-style-personal-portfolio/,https://media87.com/create-cinematic-style-personal-portfolio/,No Comments,,True
https://media87.com/create-cinematic-style-personal-portfolio/,https://media87.com/google-ads-agency-dubai-questions-before-signing/,,,True
https://media87.com/create-cinematic-style-personal-portfolio/,https://media87.com/google-ads-agency-dubai-questions-before-signing/,Google Ads Agency Dubai: 12 Questions to Ask Before You Sign,,True
https://media87.com/create-cinematic-style-personal-portfolio/,https://media87.com/how-to-choose-dubai-digital-marketing-companies-partner/,How to Choose the Right Dubai Digital Marketing Companies Partner in Dubai,,True
https://media87.com/create-cinematic-style-personal-portfolio/,https://media87.com/seo-consultant-dubai-process-timeline-results/,"SEO Consultant Dubai: Process, Timeline, and Expected Results",,True
https://media87.com/create-cinematic-style-personal-portfolio/,https://media87.com/services/,Services,,True
https://media87.com/create-cinematic-style-personal-portfolio/,https://media87.com/services/,Services,,True
https://media87.com/create-cinematic-style-personal-portfolio/,https://media87.com/social-media-marketing-agency-dubai-services-costs-hiring-checklist/,"Social Media Marketing Agency Dubai: Services, Costs, and Hiring Checklist",,True
https://media87.com/create-cinematic-style-personal-portfolio/,https://media87.com/top-mistakes-to-avoid-when-hiring-seo-in-uae/,Top Mistakes to Avoid When Hiring SEO in UAE,,True
https://media87.com/create-cinematic-style-personal-portfolio/,https://media87.com/website-seo-vs-alternatives-uae-businesses/,Website SEO vs Alternatives: What Works for UAE Businesses for ranking,,True
https://media87.com/create-cinematic-style-personal-portfolio/,https://www.facebook.com/media87hq,Facebook-f,,False
https://media87.com/create-cinematic-style-personal-portfolio/,https://www.instagram.com/media87hq/,Instagram,,False
https://media87.com/create-cinematic-style-personal-portfolio/,https://www.youtube.com/channel/UC4aK2G676UhHPvI_KjMdxVA,Youtube,,False
https://media87.com/digital-marketing-agency-dubai-pricing-cost-breakdown/,https://developers.google.com/search/docs/fundamentals/creating-helpful-content,Google Search Central: creating helpful content,,False
https://media87.com/digital-marketing-agency-dubai-pricing-cost-breakdown/,https://developers.google.com/search/docs/fundamentals/seo-starter-guide,Google Search Central: SEO starter guide,,False
https://media87.com/digital-marketing-agency-dubai-pricing-cost-breakdown/,https://media87.com,,,True
https://media87.com/digital-marketing-agency-dubai-pricing-cost-breakdown/,https://media87.com/,Home,,True
https://media87.com/digital-marketing-agency-dubai-pricing-cost-breakdown/,https://media87.com/,Home,,True
https://media87.com/digital-marketing-agency-dubai-pricing-cost-breakdown/,https://media87.com/2026/06/17/,"June 17, 2026",,True
https://media87.com/digital-marketing-agency-dubai-pricing-cost-breakdown/,https://media87.com/about-us/,About Us,,True
https://media87.com/digital-marketing-agency-dubai-pricing-cost-breakdown/,https://media87.com/about-us/,About Us,,True
https://media87.com/digital-marketing-agency-dubai-pricing-cost-breakdown/,https://media87.com/ai-video-creation-service/,AI Video Creation Service,,True
https://media87.com/digital-marketing-agency-dubai-pricing-cost-breakdown/,https://media87.com/ai-video-creation-service/,AI Video Creation Service,,True
https://media87.com/digital-marketing-agency-dubai-pricing-cost-breakdown/,https://media87.com/category/blog/,Blog,tag,True
https://media87.com/digital-marketing-agency-dubai-pricing-cost-breakdown/,https://media87.com/contact-us/,Contact Us,,True
https://media87.com/digital-marketing-agency-dubai-pricing-cost-breakdown/,https://media87.com/contact-us/,Contact Us,,True
https://media87.com/digital-marketing-agency-dubai-pricing-cost-breakdown/,https://media87.com/digital-marketing-agency-dubai-pricing-cost-breakdown/,Cancel reply,nofollow,True
https://media87.com/digital-marketing-agency-dubai-pricing-cost-breakdown/,https://media87.com/digital-marketing-agency-dubai-pricing-cost-breakdown/,No Comments,,True
https://media87.com/digital-marketing-agency-dubai-pricing-cost-breakdown/,https://media87.com/digital-marketing-services-dubai/,digital marketing services in Dubai,,True
https://media87.com/digital-marketing-agency-dubai-pricing-cost-breakdown/,https://media87.com/google-ads-agency-dubai-questions-before-signing/,,,True
https://media87.com/digital-marketing-agency-dubai-pricing-cost-breakdown/,https://media87.com/google-ads-agency-dubai-questions-before-signing/,Google Ads Agency Dubai: 12 Questions to Ask Before You Sign,,True
https://media87.com/digital-marketing-agency-dubai-pricing-cost-breakdown/,https://media87.com/how-to-choose-dubai-digital-marketing-companies-partner/,How to Choose the Right Dubai Digital Marketing Companies Partner in Dubai,,True
https://media87.com/digital-marketing-agency-dubai-pricing-cost-breakdown/,https://media87.com/seo-consultant-dubai-process-timeline-results/,"SEO Consultant Dubai: Process, Timeline, and Expected Results",,True
https://media87.com/digital-marketing-agency-dubai-pricing-cost-breakdown/,https://media87.com/services/,Services,,True
https://media87.com/digital-marketing-agency-dubai-pricing-cost-breakdown/,https://media87.com/services/,Services,,True
https://media87.com/digital-marketing-agency-dubai-pricing-cost-breakdown/,https://media87.com/social-media-marketing-agency-dubai-services-costs-hiring-checklist/,"Social Media Marketing Agency Dubai: Services, Costs, and Hiring Checklist",,True
https://media87.com/digital-marketing-agency-dubai-pricing-cost-breakdown/,https://media87.com/top-mistakes-to-avoid-when-hiring-seo-in-uae/,Top Mistakes to Avoid When Hiring SEO in UAE,,True
https://media87.com/digital-marketing-agency-dubai-pricing-cost-breakdown/,https://media87.com/website-seo-vs-alternatives-uae-businesses/,Website SEO vs Alternatives: What Works for UAE Businesses for ranking,,True
https://media87.com/digital-marketing-agency-dubai-pricing-cost-breakdown/,https://support.google.com/google-ads/answer/2375454,Google Ads Help: choose a budget,,False
https://media87.com/digital-marketing-agency-dubai-pricing-cost-breakdown/,https://www.clutch.co/agencies/digital-marketing/pricing,Clutch: digital marketing agency pricing overview,,False
https://media87.com/digital-marketing-agency-dubai-pricing-cost-breakdown/,https://www.facebook.com/media87hq,Facebook-f,,False
https://media87.com/digital-marketing-agency-dubai-pricing-cost-breakdown/,https://www.instagram.com/media87hq/,Instagram,,False
https://media87.com/digital-marketing-agency-dubai-pricing-cost-breakdown/,https://www.webfx.com/digital-marketing/pricing/,WebFX: digital marketing pricing guide,,False
https://media87.com/digital-marketing-agency-dubai-pricing-cost-breakdown/,https://www.youtube.com/channel/UC4aK2G676UhHPvI_KjMdxVA,Youtube,,False
https://media87.com/digital-marketing-agency-jlt-dubai/,https://media87.com,,,True
https://media87.com/digital-marketing-agency-jlt-dubai/,https://media87.com/,Home,,True
https://media87.com/digital-marketing-agency-jlt-dubai/,https://media87.com/,Home,,True
https://media87.com/digital-marketing-agency-jlt-dubai/,https://media87.com/,Media87,,True
https://media87.com/digital-marketing-agency-jlt-dubai/,https://media87.com/2026/01/08/,"January 8, 2026",,True
https://media87.com/digital-marketing-agency-jlt-dubai/,https://media87.com/about-us/,About Us,,True
https://media87.com/digital-marketing-agency-jlt-dubai/,https://media87.com/about-us/,About Us,,True
https://media87.com/digital-marketing-agency-jlt-dubai/,https://media87.com/ai-video-creation-service/,AI Video Creation Service,,True
https://media87.com/digital-marketing-agency-jlt-dubai/,https://media87.com/ai-video-creation-service/,AI Video Creation Service,,True
https://media87.com/digital-marketing-agency-jlt-dubai/,https://media87.com/category/blog/,Blog,tag,True
https://media87.com/digital-marketing-agency-jlt-dubai/,https://media87.com/contact-us/,Contact Us,,True
https://media87.com/digital-marketing-agency-jlt-dubai/,https://media87.com/contact-us/,Contact Us,,True
https://media87.com/digital-marketing-agency-jlt-dubai/,https://media87.com/digital-marketing-agency-jlt-dubai/,Cancel reply,nofollow,True
https://media87.com/digital-marketing-agency-jlt-dubai/,https://media87.com/digital-marketing-agency-jlt-dubai/,No Comments,,True
https://media87.com/digital-marketing-agency-jlt-dubai/,https://media87.com/google-ads-agency-dubai-questions-before-signing/,,,True
https://media87.com/digital-marketing-agency-jlt-dubai/,https://media87.com/google-ads-agency-dubai-questions-before-signing/,Google Ads Agency Dubai: 12 Questions to Ask Before You Sign,,True
https://media87.com/digital-marketing-agency-jlt-dubai/,https://media87.com/how-to-choose-dubai-digital-marketing-companies-partner/,How to Choose the Right Dubai Digital Marketing Companies Partner in Dubai,,True
https://media87.com/digital-marketing-agency-jlt-dubai/,https://media87.com/seo-consultant-dubai-process-timeline-results/,"SEO Consultant Dubai: Process, Timeline, and Expected Results",,True
https://media87.com/digital-marketing-agency-jlt-dubai/,https://media87.com/services/,Services,,True
https://media87.com/digital-marketing-agency-jlt-dubai/,https://media87.com/services/,Services,,True
https://media87.com/digital-marketing-agency-jlt-dubai/,https://media87.com/social-media-marketing-agency-dubai-services-costs-hiring-checklist/,"Social Media Marketing Agency Dubai: Services, Costs, and Hiring Checklist",,True
https://media87.com/digital-marketing-agency-jlt-dubai/,https://media87.com/top-mistakes-to-avoid-when-hiring-seo-in-uae/,Top Mistakes to Avoid When Hiring SEO in UAE,,True
https://media87.com/digital-marketing-agency-jlt-dubai/,https://media87.com/website-seo-vs-alternatives-uae-businesses/,Website SEO vs Alternatives: What Works for UAE Businesses for ranking,,True
https://media87.com/digital-marketing-agency-jlt-dubai/,https://wa.me/971503321743?text=I%20need%20digital%20marketing%20services,Contact for services,noopener noreferrer,False
https://media87.com/digital-marketing-agency-jlt-dubai/,https://wa.me/971503321743?text=I%20need%20digital%20marketing%20services,Contact for services,noopener noreferrer,False
https://media87.com/digital-marketing-agency-jlt-dubai/,https://www.facebook.com/media87hq,Facebook-f,,False
https://media87.com/digital-marketing-agency-jlt-dubai/,https://www.instagram.com/media87hq/,Instagram,,False
https://media87.com/digital-marketing-agency-jlt-dubai/,https://www.youtube.com/channel/UC4aK2G676UhHPvI_KjMdxVA,Youtube,,False
https://media87.com/dubai-ecommerce-seo-complete-guide-online-stores/,https://developers.google.com/search/docs/appearance/structured-data/merchant-listing,Google merchant listing structured data documentation,,False
https://media87.com/dubai-ecommerce-seo-complete-guide-online-stores/,https://developers.google.com/search/docs/appearance/structured-data/product,Google Product structured data documentation,,False
https://media87.com/dubai-ecommerce-seo-complete-guide-online-stores/,https://developers.google.com/search/docs/fundamentals/seo-starter-guide,Google Search Central: SEO Starter Guide,,False
https://media87.com/dubai-ecommerce-seo-complete-guide-online-stores/,https://developers.google.com/search/docs/specialty/ecommerce,Google Search Central: E-commerce SEO,,False
https://media87.com/dubai-ecommerce-seo-complete-guide-online-stores/,https://media87.com,,,True
https://media87.com/dubai-ecommerce-seo-complete-guide-online-stores/,https://media87.com/,Home,,True
https://media87.com/dubai-ecommerce-seo-complete-guide-online-stores/,https://media87.com/,Home,,True
https://media87.com/dubai-ecommerce-seo-complete-guide-online-stores/,https://media87.com/2026/06/14/,"June 14, 2026",,True
https://media87.com/dubai-ecommerce-seo-complete-guide-online-stores/,https://media87.com/about-us/,About Us,,True
https://media87.com/dubai-ecommerce-seo-complete-guide-online-stores/,https://media87.com/about-us/,About Us,,True
https://media87.com/dubai-ecommerce-seo-complete-guide-online-stores/,https://media87.com/ai-video-creation-service/,AI Video Creation Service,,True
https://media87.com/dubai-ecommerce-seo-complete-guide-online-stores/,https://media87.com/ai-video-creation-service/,AI Video Creation Service,,True
https://media87.com/dubai-ecommerce-seo-complete-guide-online-stores/,https://media87.com/category/blog/,Blog,tag,True
https://media87.com/dubai-ecommerce-seo-complete-guide-online-stores/,https://media87.com/contact-us/,Contact Us,,True
https://media87.com/dubai-ecommerce-seo-complete-guide-online-stores/,https://media87.com/contact-us/,Contact Us,,True
https://media87.com/dubai-ecommerce-seo-complete-guide-online-stores/,https://media87.com/digital-marketing-services-dubai/,digital marketing services in Dubai,,True
https://media87.com/dubai-ecommerce-seo-complete-guide-online-stores/,https://media87.com/digital-marketing-services-dubai/,digital marketing services in Dubai,,True
https://media87.com/dubai-ecommerce-seo-complete-guide-online-stores/,https://media87.com/dubai-ecommerce-seo-complete-guide-online-stores/,Cancel reply,nofollow,True
https://media87.com/dubai-ecommerce-seo-complete-guide-online-stores/,https://media87.com/dubai-ecommerce-seo-complete-guide-online-stores/,No Comments,,True
https://media87.com/dubai-ecommerce-seo-complete-guide-online-stores/,https://media87.com/google-ads-agency-dubai-questions-before-signing/,,,True
https://media87.com/dubai-ecommerce-seo-complete-guide-online-stores/,https://media87.com/google-ads-agency-dubai-questions-before-signing/,Google Ads Agency Dubai: 12 Questions to Ask Before You Sign,,True
https://media87.com/dubai-ecommerce-seo-complete-guide-online-stores/,https://media87.com/how-to-choose-dubai-digital-marketing-companies-partner/,How to Choose the Right Dubai Digital Marketing Companies Partner in Dubai,,True
https://media87.com/dubai-ecommerce-seo-complete-guide-online-stores/,https://media87.com/seo-consultant-dubai-process-timeline-results/,"SEO Consultant Dubai: Process, Timeline, and Expected Results",,True
https://media87.com/dubai-ecommerce-seo-complete-guide-online-stores/,https://media87.com/services/,Services,,True
https://media87.com/dubai-ecommerce-seo-complete-guide-online-stores/,https://media87.com/services/,Services,,True
https://media87.com/dubai-ecommerce-seo-complete-guide-online-stores/,https://media87.com/social-media-marketing-agency-dubai-services-costs-hiring-checklist/,"Social Media Marketing Agency Dubai: Services, Costs, and Hiring Checklist",,True
https://media87.com/dubai-ecommerce-seo-complete-guide-online-stores/,https://media87.com/top-mistakes-to-avoid-when-hiring-seo-in-uae/,Top Mistakes to Avoid When Hiring SEO in UAE,,True
https://media87.com/dubai-ecommerce-seo-complete-guide-online-stores/,https://media87.com/website-seo-vs-alternatives-uae-businesses/,Website SEO vs Alternatives: What Works for UAE Businesses for ranking,,True
https://media87.com/dubai-ecommerce-seo-complete-guide-online-stores/,https://support.google.com/merchants/answer/7052112,Google Merchant Center product data specification,,False
https://media87.com/dubai-ecommerce-seo-complete-guide-online-stores/,https://www.facebook.com/media87hq,Facebook-f,,False
https://media87.com/dubai-ecommerce-seo-complete-guide-online-stores/,https://www.instagram.com/media87hq/,Instagram,,False
https://media87.com/dubai-ecommerce-seo-complete-guide-online-stores/,https://www.youtube.com/channel/UC4aK2G676UhHPvI_KjMdxVA,Youtube,,False
https://media87.com/email-automated-replies-for-your-customer-service-or-agency/,https://media87.com,,,True
https://media87.com/email-automated-replies-for-your-customer-service-or-agency/,https://media87.com/,Home,,True
https://media87.com/email-automated-replies-for-your-customer-service-or-agency/,https://media87.com/,Home,,True
https://media87.com/email-automated-replies-for-your-customer-service-or-agency/,https://media87.com/,Media87,,True
https://media87.com/email-automated-replies-for-your-customer-service-or-agency/,https://media87.com/2026/01/05/,"January 5, 2026",,True
https://media87.com/email-automated-replies-for-your-customer-service-or-agency/,https://media87.com/about-us/,About Us,,True
https://media87.com/email-automated-replies-for-your-customer-service-or-agency/,https://media87.com/about-us/,About Us,,True
https://media87.com/email-automated-replies-for-your-customer-service-or-agency/,https://media87.com/ai-video-creation-service/,AI Video Creation Service,,True
https://media87.com/email-automated-replies-for-your-customer-service-or-agency/,https://media87.com/ai-video-creation-service/,AI Video Creation Service,,True
https://media87.com/email-automated-replies-for-your-customer-service-or-agency/,https://media87.com/category/blog/,Blog,tag,True
https://media87.com/email-automated-replies-for-your-customer-service-or-agency/,https://media87.com/contact-us/,Contact Us,,True
https://media87.com/email-automated-replies-for-your-customer-service-or-agency/,https://media87.com/contact-us/,Contact Us,,True
https://media87.com/email-automated-replies-for-your-customer-service-or-agency/,https://media87.com/email-automated-replies-for-your-customer-service-or-agency/,Cancel reply,nofollow,True
https://media87.com/email-automated-replies-for-your-customer-service-or-agency/,https://media87.com/email-automated-replies-for-your-customer-service-or-agency/,No Comments,,True
https://media87.com/email-automated-replies-for-your-customer-service-or-agency/,https://media87.com/google-ads-agency-dubai-questions-before-signing/,,,True
https://media87.com/email-automated-replies-for-your-customer-service-or-agency/,https://media87.com/google-ads-agency-dubai-questions-before-signing/,Google Ads Agency Dubai: 12 Questions to Ask Before You Sign,,True
https://media87.com/email-automated-replies-for-your-customer-service-or-agency/,https://media87.com/how-to-choose-dubai-digital-marketing-companies-partner/,How to Choose the Right Dubai Digital Marketing Companies Partner in Dubai,,True
https://media87.com/email-automated-replies-for-your-customer-service-or-agency/,https://media87.com/seo-consultant-dubai-process-timeline-results/,"SEO Consultant Dubai: Process, Timeline, and Expected Results",,True
https://media87.com/email-automated-replies-for-your-customer-service-or-agency/,https://media87.com/services/,Services,,True
https://media87.com/email-automated-replies-for-your-customer-service-or-agency/,https://media87.com/services/,Services,,True
https://media87.com/email-automated-replies-for-your-customer-service-or-agency/,https://media87.com/social-media-marketing-agency-dubai-services-costs-hiring-checklist/,"Social Media Marketing Agency Dubai: Services, Costs, and Hiring Checklist",,True
https://media87.com/email-automated-replies-for-your-customer-service-or-agency/,https://media87.com/top-mistakes-to-avoid-when-hiring-seo-in-uae/,Top Mistakes to Avoid When Hiring SEO in UAE,,True
https://media87.com/email-automated-replies-for-your-customer-service-or-agency/,https://media87.com/website-seo-vs-alternatives-uae-businesses/,Website SEO vs Alternatives: What Works for UAE Businesses for ranking,,True
https://media87.com/email-automated-replies-for-your-customer-service-or-agency/,https://www.facebook.com/media87hq,Facebook-f,,False
https://media87.com/email-automated-replies-for-your-customer-service-or-agency/,https://www.instagram.com/media87hq/,Instagram,,False
https://media87.com/email-automated-replies-for-your-customer-service-or-agency/,https://www.youtube.com/channel/UC4aK2G676UhHPvI_KjMdxVA,Youtube,,False
https://media87.com/google-ads-agency-dubai-questions-before-signing/,https://media87.com,,,True
https://media87.com/google-ads-agency-dubai-questions-before-signing/,https://media87.com/,Home,,True
https://media87.com/google-ads-agency-dubai-questions-before-signing/,https://media87.com/,Home,,True
https://media87.com/google-ads-agency-dubai-questions-before-signing/,https://media87.com/2026/07/21/,"July 21, 2026",,True
https://media87.com/google-ads-agency-dubai-questions-before-signing/,https://media87.com/about-us/,About Us,,True
https://media87.com/google-ads-agency-dubai-questions-before-signing/,https://media87.com/about-us/,About Us,,True
https://media87.com/google-ads-agency-dubai-questions-before-signing/,https://media87.com/ads-managment/,Google Ads management service,,True
https://media87.com/google-ads-agency-dubai-questions-before-signing/,https://media87.com/ai-video-creation-service/,AI Video Creation Service,,True
https://media87.com/google-ads-agency-dubai-questions-before-signing/,https://media87.com/ai-video-creation-service/,AI Video Creation Service,,True
https://media87.com/google-ads-agency-dubai-questions-before-signing/,https://media87.com/category/blog/,Blog,tag,True
https://media87.com/google-ads-agency-dubai-questions-before-signing/,https://media87.com/contact-us/,Contact Media87,,True
https://media87.com/google-ads-agency-dubai-questions-before-signing/,https://media87.com/contact-us/,Contact Us,,True
https://media87.com/google-ads-agency-dubai-questions-before-signing/,https://media87.com/contact-us/,Contact Us,,True
https://media87.com/google-ads-agency-dubai-questions-before-signing/,https://media87.com/digital-marketing-agency-dubai-pricing-cost-breakdown/,digital marketing agency pricing in Dubai,,True
https://media87.com/google-ads-agency-dubai-questions-before-signing/,https://media87.com/digital-marketing-services-in-dubai/,digital marketing services,,True
https://media87.com/google-ads-agency-dubai-questions-before-signing/,https://media87.com/google-ads-agency-dubai-questions-before-signing/,,,True
https://media87.com/google-ads-agency-dubai-questions-before-signing/,https://media87.com/google-ads-agency-dubai-questions-before-signing/,Cancel reply,nofollow,True
https://media87.com/google-ads-agency-dubai-questions-before-signing/,https://media87.com/google-ads-agency-dubai-questions-before-signing/,Google Ads Agency Dubai: 12 Questions to Ask Before You Sign,,True
https://media87.com/google-ads-agency-dubai-questions-before-signing/,https://media87.com/google-ads-agency-dubai-questions-before-signing/,No Comments,,True
https://media87.com/google-ads-agency-dubai-questions-before-signing/,https://media87.com/how-to-choose-dubai-digital-marketing-companies-partner/,How to Choose the Right Dubai Digital Marketing Companies Partner in Dubai,,True
https://media87.com/google-ads-agency-dubai-questions-before-signing/,https://media87.com/seo-consultant-dubai-process-timeline-results/,"SEO Consultant Dubai: Process, Timeline, and Expected Results",,True
https://media87.com/google-ads-agency-dubai-questions-before-signing/,https://media87.com/services/,Services,,True
https://media87.com/google-ads-agency-dubai-questions-before-signing/,https://media87.com/services/,Services,,True
https://media87.com/google-ads-agency-dubai-questions-before-signing/,https://media87.com/social-media-marketing-agency-dubai-services-costs-hiring-checklist/,"Social Media Marketing Agency Dubai: Services, Costs, and Hiring Checklist",,True
https://media87.com/google-ads-agency-dubai-questions-before-signing/,https://media87.com/top-mistakes-to-avoid-when-hiring-seo-in-uae/,Top Mistakes to Avoid When Hiring SEO in UAE,,True
https://media87.com/google-ads-agency-dubai-questions-before-signing/,https://media87.com/website-seo-vs-alternatives-uae-businesses/,Website SEO vs Alternatives: What Works for UAE Businesses for ranking,,True
https://media87.com/google-ads-agency-dubai-questions-before-signing/,https://support.google.com/google-ads/answer/1704346,Google Ads Help: keyword match types,,False
https://media87.com/google-ads-agency-dubai-questions-before-signing/,https://support.google.com/google-ads/answer/1722054,Google Ads Help: location targeting,,False
https://media87.com/google-ads-agency-dubai-questions-before-signing/,https://support.google.com/google-ads/answer/6095821,Google Ads Help: set up website conversions,,False
https://media87.com/google-ads-agency-dubai-questions-before-signing/,https://support.google.com/google-ads/answer/6139186,Google Ads Help: manager accounts,,False
https://media87.com/google-ads-agency-dubai-questions-before-signing/,https://www.facebook.com/media87hq,Facebook-f,,False
https://media87.com/google-ads-agency-dubai-questions-before-signing/,https://www.instagram.com/media87hq/,Instagram,,False
https://media87.com/google-ads-agency-dubai-questions-before-signing/,https://www.youtube.com/channel/UC4aK2G676UhHPvI_KjMdxVA,Youtube,,False
https://media87.com/google-ads-management-cost-dubai-2026/,https://media87.com,,,True
https://media87.com/google-ads-management-cost-dubai-2026/,https://media87.com/,Home,,True
https://media87.com/google-ads-management-cost-dubai-2026/,https://media87.com/,Home,,True
https://media87.com/google-ads-management-cost-dubai-2026/,https://media87.com/2026/06/01/,"June 1, 2026",,True
https://media87.com/google-ads-management-cost-dubai-2026/,https://media87.com/about-us/,About Us,,True
https://media87.com/google-ads-management-cost-dubai-2026/,https://media87.com/about-us/,About Us,,True
https://media87.com/google-ads-management-cost-dubai-2026/,https://media87.com/ads-managment/,Google Ads management service,,True
https://media87.com/google-ads-management-cost-dubai-2026/,https://media87.com/ai-video-creation-service/,AI Video Creation Service,,True
https://media87.com/google-ads-management-cost-dubai-2026/,https://media87.com/ai-video-creation-service/,AI Video Creation Service,,True
https://media87.com/google-ads-management-cost-dubai-2026/,https://media87.com/category/blog/,Blog,tag,True
https://media87.com/google-ads-management-cost-dubai-2026/,https://media87.com/contact-us/,Contact Us,,True
https://media87.com/google-ads-management-cost-dubai-2026/,https://media87.com/contact-us/,Contact Us,,True
https://media87.com/google-ads-management-cost-dubai-2026/,https://media87.com/google-ads-agency-dubai-questions-before-signing/,,,True
https://media87.com/google-ads-management-cost-dubai-2026/,https://media87.com/google-ads-agency-dubai-questions-before-signing/,Google Ads Agency Dubai: 12 Questions to Ask Before You Sign,,True
https://media87.com/google-ads-management-cost-dubai-2026/,https://media87.com/google-ads-management-cost-dubai-2026/,Cancel reply,nofollow,True
https://media87.com/google-ads-management-cost-dubai-2026/,https://media87.com/google-ads-management-cost-dubai-2026/,No Comments,,True
https://media87.com/google-ads-management-cost-dubai-2026/,https://media87.com/how-to-choose-dubai-digital-marketing-companies-partner/,How to Choose the Right Dubai Digital Marketing Companies Partner in Dubai,,True
https://media87.com/google-ads-management-cost-dubai-2026/,https://media87.com/seo-consultant-dubai-process-timeline-results/,"SEO Consultant Dubai: Process, Timeline, and Expected Results",,True
https://media87.com/google-ads-management-cost-dubai-2026/,https://media87.com/services/,Services,,True
https://media87.com/google-ads-management-cost-dubai-2026/,https://media87.com/services/,Services,,True
https://media87.com/google-ads-management-cost-dubai-2026/,https://media87.com/social-media-marketing-agency-dubai-services-costs-hiring-checklist/,"Social Media Marketing Agency Dubai: Services, Costs, and Hiring Checklist",,True
https://media87.com/google-ads-management-cost-dubai-2026/,https://media87.com/top-mistakes-to-avoid-when-hiring-seo-in-uae/,Top Mistakes to Avoid When Hiring SEO in UAE,,True
https://media87.com/google-ads-management-cost-dubai-2026/,https://media87.com/website-seo-vs-alternatives-uae-businesses/,Website SEO vs Alternatives: What Works for UAE Businesses for ranking,,True
https://media87.com/google-ads-management-cost-dubai-2026/,https://www.facebook.com/media87hq,Facebook-f,,False
https://media87.com/google-ads-management-cost-dubai-2026/,https://www.instagram.com/media87hq/,Instagram,,False
https://media87.com/google-ads-management-cost-dubai-2026/,https://www.youtube.com/channel/UC4aK2G676UhHPvI_KjMdxVA,Youtube,,False
https://media87.com/how-long-does-seo-take-uae-realistic-timelines/,https://ahrefs.com/blog/how-long-does-seo-take/,Ahrefs: How long does SEO take?,,False
https://media87.com/how-long-does-seo-take-uae-realistic-timelines/,https://developers.google.com/search/docs/appearance/ai-features,Google Search Central guidance on AI features and your website,,False
https://media87.com/how-long-does-seo-take-uae-realistic-timelines/,https://developers.google.com/search/docs/essentials,Google Search Essentials,,False
https://media87.com/how-long-does-seo-take-uae-realistic-timelines/,https://developers.google.com/search/docs/fundamentals/seo-starter-guide,Google Search Central: SEO Starter Guide,,False
https://media87.com/how-long-does-seo-take-uae-realistic-timelines/,https://media87.com,,,True
https://media87.com/how-long-does-seo-take-uae-realistic-timelines/,https://media87.com/,Home,,True
https://media87.com/how-long-does-seo-take-uae-realistic-timelines/,https://media87.com/,Home,,True
https://media87.com/how-long-does-seo-take-uae-realistic-timelines/,https://media87.com/2026/06/13/,"June 13, 2026",,True
https://media87.com/how-long-does-seo-take-uae-realistic-timelines/,https://media87.com/about-us/,About Us,,True
https://media87.com/how-long-does-seo-take-uae-realistic-timelines/,https://media87.com/about-us/,About Us,,True
https://media87.com/how-long-does-seo-take-uae-realistic-timelines/,https://media87.com/ai-video-creation-service/,AI Video Creation Service,,True
https://media87.com/how-long-does-seo-take-uae-realistic-timelines/,https://media87.com/ai-video-creation-service/,AI Video Creation Service,,True
https://media87.com/how-long-does-seo-take-uae-realistic-timelines/,https://media87.com/category/blog/,Blog,tag,True
https://media87.com/how-long-does-seo-take-uae-realistic-timelines/,https://media87.com/contact-us/,Contact Us,,True
https://media87.com/how-long-does-seo-take-uae-realistic-timelines/,https://media87.com/contact-us/,Contact Us,,True
https://media87.com/how-long-does-seo-take-uae-realistic-timelines/,https://media87.com/digital-marketing-services-dubai/,digital marketing services in Dubai,,True
https://media87.com/how-long-does-seo-take-uae-realistic-timelines/,https://media87.com/google-ads-agency-dubai-questions-before-signing/,,,True
https://media87.com/how-long-does-seo-take-uae-realistic-timelines/,https://media87.com/google-ads-agency-dubai-questions-before-signing/,Google Ads Agency Dubai: 12 Questions to Ask Before You Sign,,True
https://media87.com/how-long-does-seo-take-uae-realistic-timelines/,https://media87.com/how-long-does-seo-take-uae-realistic-timelines/,Cancel reply,nofollow,True
https://media87.com/how-long-does-seo-take-uae-realistic-timelines/,https://media87.com/how-long-does-seo-take-uae-realistic-timelines/,No Comments,,True
https://media87.com/how-long-does-seo-take-uae-realistic-timelines/,https://media87.com/how-to-choose-dubai-digital-marketing-companies-partner/,How to Choose the Right Dubai Digital Marketing Companies Partner in Dubai,,True
https://media87.com/how-long-does-seo-take-uae-realistic-timelines/,https://media87.com/seo-consultant-dubai-process-timeline-results/,"SEO Consultant Dubai: Process, Timeline, and Expected Results",,True
https://media87.com/how-long-does-seo-take-uae-realistic-timelines/,https://media87.com/seo-services-dubai/,SEO services in Dubai,,True
https://media87.com/how-long-does-seo-take-uae-realistic-timelines/,https://media87.com/seo-services-dubai/,SEO services in Dubai,,True
https://media87.com/how-long-does-seo-take-uae-realistic-timelines/,https://media87.com/services/,Services,,True
https://media87.com/how-long-does-seo-take-uae-realistic-timelines/,https://media87.com/services/,Services,,True
https://media87.com/how-long-does-seo-take-uae-realistic-timelines/,https://media87.com/social-media-marketing-agency-dubai-services-costs-hiring-checklist/,"Social Media Marketing Agency Dubai: Services, Costs, and Hiring Checklist",,True
https://media87.com/how-long-does-seo-take-uae-realistic-timelines/,https://media87.com/top-mistakes-to-avoid-when-hiring-seo-in-uae/,Top Mistakes to Avoid When Hiring SEO in UAE,,True
https://media87.com/how-long-does-seo-take-uae-realistic-timelines/,https://media87.com/website-seo-vs-alternatives-uae-businesses/,Website SEO vs Alternatives: What Works for UAE Businesses for ranking,,True
https://media87.com/how-long-does-seo-take-uae-realistic-timelines/,https://www.facebook.com/media87hq,Facebook-f,,False
https://media87.com/how-long-does-seo-take-uae-realistic-timelines/,https://www.instagram.com/media87hq/,Instagram,,False
https://media87.com/how-long-does-seo-take-uae-realistic-timelines/,https://www.semrush.com/blog/how-long-does-seo-take/,Semrush: How long does SEO take?,,False
https://media87.com/how-long-does-seo-take-uae-realistic-timelines/,https://www.youtube.com/channel/UC4aK2G676UhHPvI_KjMdxVA,Youtube,,False
https://media87.com/how-to-add-a-cinematic-profile-photo-to-your-gmail-step-by-step-guide/,https://mail.google.com,mail.google.com,noreferrer noopener,False
https://media87.com/how-to-add-a-cinematic-profile-photo-to-your-gmail-step-by-step-guide/,https://media87.com,,,True
https://media87.com/how-to-add-a-cinematic-profile-photo-to-your-gmail-step-by-step-guide/,https://media87.com/,Home,,True
https://media87.com/how-to-add-a-cinematic-profile-photo-to-your-gmail-step-by-step-guide/,https://media87.com/,Home,,True
https://media87.com/how-to-add-a-cinematic-profile-photo-to-your-gmail-step-by-step-guide/,https://media87.com/,Media87,,True
https://media87.com/how-to-add-a-cinematic-profile-photo-to-your-gmail-step-by-step-guide/,https://media87.com/2026/01/03/,"January 3, 2026",,True
https://media87.com/how-to-add-a-cinematic-profile-photo-to-your-gmail-step-by-step-guide/,https://media87.com/about-us/,About Us,,True
https://media87.com/how-to-add-a-cinematic-profile-photo-to-your-gmail-step-by-step-guide/,https://media87.com/about-us/,About Us,,True
https://media87.com/how-to-add-a-cinematic-profile-photo-to-your-gmail-step-by-step-guide/,https://media87.com/ai-video-creation-service/,AI Video Creation Service,,True
https://media87.com/how-to-add-a-cinematic-profile-photo-to-your-gmail-step-by-step-guide/,https://media87.com/ai-video-creation-service/,AI Video Creation Service,,True
https://media87.com/how-to-add-a-cinematic-profile-photo-to-your-gmail-step-by-step-guide/,https://media87.com/category/blog/,Blog,tag,True
https://media87.com/how-to-add-a-cinematic-profile-photo-to-your-gmail-step-by-step-guide/,https://media87.com/contact-us/,Contact Us,,True
https://media87.com/how-to-add-a-cinematic-profile-photo-to-your-gmail-step-by-step-guide/,https://media87.com/contact-us/,Contact Us,,True
https://media87.com/how-to-add-a-cinematic-profile-photo-to-your-gmail-step-by-step-guide/,https://media87.com/google-ads-agency-dubai-questions-before-signing/,,,True
https://media87.com/how-to-add-a-cinematic-profile-photo-to-your-gmail-step-by-step-guide/,https://media87.com/google-ads-agency-dubai-questions-before-signing/,Google Ads Agency Dubai: 12 Questions to Ask Before You Sign,,True
https://media87.com/how-to-add-a-cinematic-profile-photo-to-your-gmail-step-by-step-guide/,https://media87.com/how-to-add-a-cinematic-profile-photo-to-your-gmail-step-by-step-guide/,Cancel reply,nofollow,True
https://media87.com/how-to-add-a-cinematic-profile-photo-to-your-gmail-step-by-step-guide/,https://media87.com/how-to-add-a-cinematic-profile-photo-to-your-gmail-step-by-step-guide/,No Comments,,True
https://media87.com/how-to-add-a-cinematic-profile-photo-to-your-gmail-step-by-step-guide/,https://media87.com/how-to-choose-dubai-digital-marketing-companies-partner/,How to Choose the Right Dubai Digital Marketing Companies Partner in Dubai,,True
https://media87.com/how-to-add-a-cinematic-profile-photo-to-your-gmail-step-by-step-guide/,https://media87.com/seo-consultant-dubai-process-timeline-results/,"SEO Consultant Dubai: Process, Timeline, and Expected Results",,True
https://media87.com/how-to-add-a-cinematic-profile-photo-to-your-gmail-step-by-step-guide/,https://media87.com/services/,Services,,True
https://media87.com/how-to-add-a-cinematic-profile-photo-to-your-gmail-step-by-step-guide/,https://media87.com/services/,Services,,True
https://media87.com/how-to-add-a-cinematic-profile-photo-to-your-gmail-step-by-step-guide/,https://media87.com/social-media-marketing-agency-dubai-services-costs-hiring-checklist/,"Social Media Marketing Agency Dubai: Services, Costs, and Hiring Checklist",,True
https://media87.com/how-to-add-a-cinematic-profile-photo-to-your-gmail-step-by-step-guide/,https://media87.com/top-mistakes-to-avoid-when-hiring-seo-in-uae/,Top Mistakes to Avoid When Hiring SEO in UAE,,True
https://media87.com/how-to-add-a-cinematic-profile-photo-to-your-gmail-step-by-step-guide/,https://media87.com/website-seo-vs-alternatives-uae-businesses/,Website SEO vs Alternatives: What Works for UAE Businesses for ranking,,True
https://media87.com/how-to-add-a-cinematic-profile-photo-to-your-gmail-step-by-step-guide/,https://support.google.com/accounts/answer/27442?hl=en,account picture and personal information guide,,False
https://media87.com/how-to-add-a-cinematic-profile-photo-to-your-gmail-step-by-step-guide/,https://support.google.com/mail/answer/35529?hl=en,Gmail profile picture help,,False
https://media87.com/how-to-add-a-cinematic-profile-photo-to-your-gmail-step-by-step-guide/,https://www.facebook.com/media87hq,Facebook-f,,False
https://media87.com/how-to-add-a-cinematic-profile-photo-to-your-gmail-step-by-step-guide/,https://www.instagram.com/media87hq/,Instagram,,False
https://media87.com/how-to-add-a-cinematic-profile-photo-to-your-gmail-step-by-step-guide/,https://www.youtube.com/channel/UC4aK2G676UhHPvI_KjMdxVA,Youtube,,False
https://media87.com/how-to-automatically-read-classify-and-reply-to-emails-using-ai-step-by-step-n8n-guide/,https://drive.google.com/file/d/1EfDsX5U_z2IHa7Ztbp7xG1YtQD4raTIt/view?usp=sharing,Download workflow here,,False
https://media87.com/how-to-automatically-read-classify-and-reply-to-emails-using-ai-step-by-step-n8n-guide/,https://media87.com,,,True
https://media87.com/how-to-automatically-read-classify-and-reply-to-emails-using-ai-step-by-step-n8n-guide/,https://media87.com/,Home,,True
https://media87.com/how-to-automatically-read-classify-and-reply-to-emails-using-ai-step-by-step-n8n-guide/,https://media87.com/,Home,,True
https://media87.com/how-to-automatically-read-classify-and-reply-to-emails-using-ai-step-by-step-n8n-guide/,https://media87.com/,Media87,,True
https://media87.com/how-to-automatically-read-classify-and-reply-to-emails-using-ai-step-by-step-n8n-guide/,https://media87.com/2026/01/25/,"January 25, 2026",,True
https://media87.com/how-to-automatically-read-classify-and-reply-to-emails-using-ai-step-by-step-n8n-guide/,https://media87.com/about-us/,About Us,,True
https://media87.com/how-to-automatically-read-classify-and-reply-to-emails-using-ai-step-by-step-n8n-guide/,https://media87.com/about-us/,About Us,,True
https://media87.com/how-to-automatically-read-classify-and-reply-to-emails-using-ai-step-by-step-n8n-guide/,https://media87.com/ai-video-creation-service/,AI Video Creation Service,,True
https://media87.com/how-to-automatically-read-classify-and-reply-to-emails-using-ai-step-by-step-n8n-guide/,https://media87.com/ai-video-creation-service/,AI Video Creation Service,,True
https://media87.com/how-to-automatically-read-classify-and-reply-to-emails-using-ai-step-by-step-n8n-guide/,https://media87.com/category/blog/,Blog,tag,True
https://media87.com/how-to-automatically-read-classify-and-reply-to-emails-using-ai-step-by-step-n8n-guide/,https://media87.com/contact-us/,Contact Us,,True
https://media87.com/how-to-automatically-read-classify-and-reply-to-emails-using-ai-step-by-step-n8n-guide/,https://media87.com/contact-us/,Contact Us,,True
https://media87.com/how-to-automatically-read-classify-and-reply-to-emails-using-ai-step-by-step-n8n-guide/,https://media87.com/google-ads-agency-dubai-questions-before-signing/,,,True
https://media87.com/how-to-automatically-read-classify-and-reply-to-emails-using-ai-step-by-step-n8n-guide/,https://media87.com/google-ads-agency-dubai-questions-before-signing/,Google Ads Agency Dubai: 12 Questions to Ask Before You Sign,,True
https://media87.com/how-to-automatically-read-classify-and-reply-to-emails-using-ai-step-by-step-n8n-guide/,https://media87.com/how-to-automatically-read-classify-and-reply-to-emails-using-ai-step-by-step-n8n-guide/,Cancel reply,nofollow,True
https://media87.com/how-to-automatically-read-classify-and-reply-to-emails-using-ai-step-by-step-n8n-guide/,https://media87.com/how-to-automatically-read-classify-and-reply-to-emails-using-ai-step-by-step-n8n-guide/,No Comments,,True
https://media87.com/how-to-automatically-read-classify-and-reply-to-emails-using-ai-step-by-step-n8n-guide/,https://media87.com/how-to-choose-dubai-digital-marketing-companies-partner/,How to Choose the Right Dubai Digital Marketing Companies Partner in Dubai,,True
https://media87.com/how-to-automatically-read-classify-and-reply-to-emails-using-ai-step-by-step-n8n-guide/,https://media87.com/seo-consultant-dubai-process-timeline-results/,"SEO Consultant Dubai: Process, Timeline, and Expected Results",,True
https://media87.com/how-to-automatically-read-classify-and-reply-to-emails-using-ai-step-by-step-n8n-guide/,https://media87.com/services/,Services,,True
https://media87.com/how-to-automatically-read-classify-and-reply-to-emails-using-ai-step-by-step-n8n-guide/,https://media87.com/services/,Services,,True
https://media87.com/how-to-automatically-read-classify-and-reply-to-emails-using-ai-step-by-step-n8n-guide/,https://media87.com/social-media-marketing-agency-dubai-services-costs-hiring-checklist/,"Social Media Marketing Agency Dubai: Services, Costs, and Hiring Checklist",,True
https://media87.com/how-to-automatically-read-classify-and-reply-to-emails-using-ai-step-by-step-n8n-guide/,https://media87.com/top-mistakes-to-avoid-when-hiring-seo-in-uae/,Top Mistakes to Avoid When Hiring SEO in UAE,,True
https://media87.com/how-to-automatically-read-classify-and-reply-to-emails-using-ai-step-by-step-n8n-guide/,https://media87.com/website-seo-vs-alternatives-uae-businesses/,Website SEO vs Alternatives: What Works for UAE Businesses for ranking,,True
https://media87.com/how-to-automatically-read-classify-and-reply-to-emails-using-ai-step-by-step-n8n-guide/,https://www.facebook.com/media87hq,Facebook-f,,False
https://media87.com/how-to-automatically-read-classify-and-reply-to-emails-using-ai-step-by-step-n8n-guide/,https://www.instagram.com/media87hq/,Instagram,,False
https://media87.com/how-to-automatically-read-classify-and-reply-to-emails-using-ai-step-by-step-n8n-guide/,https://www.youtube.com/channel/UC4aK2G676UhHPvI_KjMdxVA,Youtube,,False
https://media87.com/how-to-choose-dubai-digital-marketing-companies-partner/,https://developers.google.com/search/docs/fundamentals/creating-helpful-content,Google Search Central: creating helpful content,,False
https://media87.com/how-to-choose-dubai-digital-marketing-companies-partner/,https://developers.google.com/search/docs/fundamentals/seo-starter-guide,Google Search Central: SEO starter guide,,False
https://media87.com/how-to-choose-dubai-digital-marketing-companies-partner/,https://media87.com,,,True
https://media87.com/how-to-choose-dubai-digital-marketing-companies-partner/,https://media87.com/,Home,,True
https://media87.com/how-to-choose-dubai-digital-marketing-companies-partner/,https://media87.com/,Home,,True
https://media87.com/how-to-choose-dubai-digital-marketing-companies-partner/,https://media87.com/2026/06/20/,"June 20, 2026",,True
https://media87.com/how-to-choose-dubai-digital-marketing-companies-partner/,https://media87.com/about-us/,About Us,,True
https://media87.com/how-to-choose-dubai-digital-marketing-companies-partner/,https://media87.com/about-us/,About Us,,True
https://media87.com/how-to-choose-dubai-digital-marketing-companies-partner/,https://media87.com/ai-video-creation-service/,AI Video Creation Service,,True
https://media87.com/how-to-choose-dubai-digital-marketing-companies-partner/,https://media87.com/ai-video-creation-service/,AI Video Creation Service,,True
https://media87.com/how-to-choose-dubai-digital-marketing-companies-partner/,https://media87.com/category/blog/,Blog,tag,True
https://media87.com/how-to-choose-dubai-digital-marketing-companies-partner/,https://media87.com/contact-us/,Contact Us,,True
https://media87.com/how-to-choose-dubai-digital-marketing-companies-partner/,https://media87.com/contact-us/,Contact Us,,True
https://media87.com/how-to-choose-dubai-digital-marketing-companies-partner/,https://media87.com/digital-marketing-services-dubai/,digital marketing services in Dubai,,True
https://media87.com/how-to-choose-dubai-digital-marketing-companies-partner/,https://media87.com/google-ads-agency-dubai-questions-before-signing/,,,True
https://media87.com/how-to-choose-dubai-digital-marketing-companies-partner/,https://media87.com/google-ads-agency-dubai-questions-before-signing/,Google Ads Agency Dubai: 12 Questions to Ask Before You Sign,,True
https://media87.com/how-to-choose-dubai-digital-marketing-companies-partner/,https://media87.com/google-ads-management-dubai/,Google Ads management in Dubai,,True
https://media87.com/how-to-choose-dubai-digital-marketing-companies-partner/,https://media87.com/how-to-choose-dubai-digital-marketing-companies-partner/,Cancel reply,nofollow,True
https://media87.com/how-to-choose-dubai-digital-marketing-companies-partner/,https://media87.com/how-to-choose-dubai-digital-marketing-companies-partner/,How to Choose the Right Dubai Digital Marketing Companies Partner in Dubai,,True
https://media87.com/how-to-choose-dubai-digital-marketing-companies-partner/,https://media87.com/how-to-choose-dubai-digital-marketing-companies-partner/,No Comments,,True
https://media87.com/how-to-choose-dubai-digital-marketing-companies-partner/,https://media87.com/seo-consultant-dubai-process-timeline-results/,"SEO Consultant Dubai: Process, Timeline, and Expected Results",,True
https://media87.com/how-to-choose-dubai-digital-marketing-companies-partner/,https://media87.com/seo-services-dubai/,SEO services in Dubai,,True
https://media87.com/how-to-choose-dubai-digital-marketing-companies-partner/,https://media87.com/services/,Services,,True
https://media87.com/how-to-choose-dubai-digital-marketing-companies-partner/,https://media87.com/services/,Services,,True
https://media87.com/how-to-choose-dubai-digital-marketing-companies-partner/,https://media87.com/social-media-marketing-agency-dubai-services-costs-hiring-checklist/,"Social Media Marketing Agency Dubai: Services, Costs, and Hiring Checklist",,True
https://media87.com/how-to-choose-dubai-digital-marketing-companies-partner/,https://media87.com/top-mistakes-to-avoid-when-hiring-seo-in-uae/,Top Mistakes to Avoid When Hiring SEO in UAE,,True
https://media87.com/how-to-choose-dubai-digital-marketing-companies-partner/,https://media87.com/website-seo-vs-alternatives-uae-businesses/,Website SEO vs Alternatives: What Works for UAE Businesses for ranking,,True
https://media87.com/how-to-choose-dubai-digital-marketing-companies-partner/,https://support.google.com/google-ads/answer/6167122,Google Ads Help: measure results,,False
https://media87.com/how-to-choose-dubai-digital-marketing-companies-partner/,https://www.facebook.com/media87hq,Facebook-f,,False
https://media87.com/how-to-choose-dubai-digital-marketing-companies-partner/,https://www.instagram.com/media87hq/,Instagram,,False
https://media87.com/how-to-choose-dubai-digital-marketing-companies-partner/,https://www.thinkwithgoogle.com/intl/en-emea/consumer-insights/consumer-trends/,Think with Google: consumer insights,,False
https://media87.com/how-to-choose-dubai-digital-marketing-companies-partner/,https://www.youtube.com/channel/UC4aK2G676UhHPvI_KjMdxVA,Youtube,,False
https://media87.com/how-to-create-ultra-realistic-human-sound-voice-with-prompting/,https://media87.com,,,True
https://media87.com/how-to-create-ultra-realistic-human-sound-voice-with-prompting/,https://media87.com/,Home,,True
https://media87.com/how-to-create-ultra-realistic-human-sound-voice-with-prompting/,https://media87.com/,Home,,True
https://media87.com/how-to-create-ultra-realistic-human-sound-voice-with-prompting/,https://media87.com/,Media87,,True
https://media87.com/how-to-create-ultra-realistic-human-sound-voice-with-prompting/,https://media87.com/2026/01/05/,"January 5, 2026",,True
https://media87.com/how-to-create-ultra-realistic-human-sound-voice-with-prompting/,https://media87.com/about-us/,About Us,,True
https://media87.com/how-to-create-ultra-realistic-human-sound-voice-with-prompting/,https://media87.com/about-us/,About Us,,True
https://media87.com/how-to-create-ultra-realistic-human-sound-voice-with-prompting/,https://media87.com/ai-video-creation-service/,AI Video Creation Service,,True
https://media87.com/how-to-create-ultra-realistic-human-sound-voice-with-prompting/,https://media87.com/ai-video-creation-service/,AI Video Creation Service,,True
https://media87.com/how-to-create-ultra-realistic-human-sound-voice-with-prompting/,https://media87.com/category/blog/,Blog,tag,True
https://media87.com/how-to-create-ultra-realistic-human-sound-voice-with-prompting/,https://media87.com/contact-us/,Contact Us,,True
https://media87.com/how-to-create-ultra-realistic-human-sound-voice-with-prompting/,https://media87.com/contact-us/,Contact Us,,True
https://media87.com/how-to-create-ultra-realistic-human-sound-voice-with-prompting/,https://media87.com/google-ads-agency-dubai-questions-before-signing/,,,True
https://media87.com/how-to-create-ultra-realistic-human-sound-voice-with-prompting/,https://media87.com/google-ads-agency-dubai-questions-before-signing/,Google Ads Agency Dubai: 12 Questions to Ask Before You Sign,,True
https://media87.com/how-to-create-ultra-realistic-human-sound-voice-with-prompting/,https://media87.com/how-to-choose-dubai-digital-marketing-companies-partner/,How to Choose the Right Dubai Digital Marketing Companies Partner in Dubai,,True
https://media87.com/how-to-create-ultra-realistic-human-sound-voice-with-prompting/,https://media87.com/how-to-create-ultra-realistic-human-sound-voice-with-prompting/,Cancel reply,nofollow,True
https://media87.com/how-to-create-ultra-realistic-human-sound-voice-with-prompting/,https://media87.com/how-to-create-ultra-realistic-human-sound-voice-with-prompting/,No Comments,,True
https://media87.com/how-to-create-ultra-realistic-human-sound-voice-with-prompting/,https://media87.com/seo-consultant-dubai-process-timeline-results/,"SEO Consultant Dubai: Process, Timeline, and Expected Results",,True
https://media87.com/how-to-create-ultra-realistic-human-sound-voice-with-prompting/,https://media87.com/services/,Services,,True
https://media87.com/how-to-create-ultra-realistic-human-sound-voice-with-prompting/,https://media87.com/services/,Services,,True
https://media87.com/how-to-create-ultra-realistic-human-sound-voice-with-prompting/,https://media87.com/social-media-marketing-agency-dubai-services-costs-hiring-checklist/,"Social Media Marketing Agency Dubai: Services, Costs, and Hiring Checklist",,True
https://media87.com/how-to-create-ultra-realistic-human-sound-voice-with-prompting/,https://media87.com/top-mistakes-to-avoid-when-hiring-seo-in-uae/,Top Mistakes to Avoid When Hiring SEO in UAE,,True
https://media87.com/how-to-create-ultra-realistic-human-sound-voice-with-prompting/,https://media87.com/website-seo-vs-alternatives-uae-businesses/,Website SEO vs Alternatives: What Works for UAE Businesses for ranking,,True
https://media87.com/how-to-create-ultra-realistic-human-sound-voice-with-prompting/,https://www.facebook.com/media87hq,Facebook-f,,False
https://media87.com/how-to-create-ultra-realistic-human-sound-voice-with-prompting/,https://www.instagram.com/media87hq/,Instagram,,False
https://media87.com/how-to-create-ultra-realistic-human-sound-voice-with-prompting/,https://www.youtube.com/channel/UC4aK2G676UhHPvI_KjMdxVA,Youtube,,False
https://media87.com/how-to-make-ai-ultra-realistic-ads/,https://media87.com,,,True
https://media87.com/how-to-make-ai-ultra-realistic-ads/,https://media87.com/,Home,,True
https://media87.com/how-to-make-ai-ultra-realistic-ads/,https://media87.com/,Home,,True
https://media87.com/how-to-make-ai-ultra-realistic-ads/,https://media87.com/2025/12/02/,"December 2, 2025",,True
https://media87.com/how-to-make-ai-ultra-realistic-ads/,https://media87.com/about-us/,About Us,,True
https://media87.com/how-to-make-ai-ultra-realistic-ads/,https://media87.com/about-us/,About Us,,True
https://media87.com/how-to-make-ai-ultra-realistic-ads/,https://media87.com/ai-video-creation-service/,AI Video Creation Service,,True
https://media87.com/how-to-make-ai-ultra-realistic-ads/,https://media87.com/ai-video-creation-service/,AI Video Creation Service,,True
https://media87.com/how-to-make-ai-ultra-realistic-ads/,https://media87.com/category/blog/,Blog,tag,True
https://media87.com/how-to-make-ai-ultra-realistic-ads/,https://media87.com/contact-us/,Contact Us,,True
https://media87.com/how-to-make-ai-ultra-realistic-ads/,https://media87.com/contact-us/,Contact Us,,True
https://media87.com/how-to-make-ai-ultra-realistic-ads/,https://media87.com/google-ads-agency-dubai-questions-before-signing/,,,True
https://media87.com/how-to-make-ai-ultra-realistic-ads/,https://media87.com/google-ads-agency-dubai-questions-before-signing/,Google Ads Agency Dubai: 12 Questions to Ask Before You Sign,,True
https://media87.com/how-to-make-ai-ultra-realistic-ads/,https://media87.com/how-to-choose-dubai-digital-marketing-companies-partner/,How to Choose the Right Dubai Digital Marketing Companies Partner in Dubai,,True
https://media87.com/how-to-make-ai-ultra-realistic-ads/,https://media87.com/how-to-make-ai-ultra-realistic-ads/,Cancel reply,nofollow,True
https://media87.com/how-to-make-ai-ultra-realistic-ads/,https://media87.com/how-to-make-ai-ultra-realistic-ads/,No Comments,,True
https://media87.com/how-to-make-ai-ultra-realistic-ads/,https://media87.com/seo-consultant-dubai-process-timeline-results/,"SEO Consultant Dubai: Process, Timeline, and Expected Results",,True
https://media87.com/how-to-make-ai-ultra-realistic-ads/,https://media87.com/services/,Services,,True
https://media87.com/how-to-make-ai-ultra-realistic-ads/,https://media87.com/services/,Services,,True
https://media87.com/how-to-make-ai-ultra-realistic-ads/,https://media87.com/social-media-marketing-agency-dubai-services-costs-hiring-checklist/,"Social Media Marketing Agency Dubai: Services, Costs, and Hiring Checklist",,True
https://media87.com/how-to-make-ai-ultra-realistic-ads/,https://media87.com/top-mistakes-to-avoid-when-hiring-seo-in-uae/,Top Mistakes to Avoid When Hiring SEO in UAE,,True
https://media87.com/how-to-make-ai-ultra-realistic-ads/,https://media87.com/website-seo-vs-alternatives-uae-businesses/,Website SEO vs Alternatives: What Works for UAE Businesses for ranking,,True
https://media87.com/how-to-make-ai-ultra-realistic-ads/,https://www.facebook.com/media87hq,Facebook-f,,False
https://media87.com/how-to-make-ai-ultra-realistic-ads/,https://www.instagram.com/media87hq/,Instagram,,False
https://media87.com/how-to-make-ai-ultra-realistic-ads/,https://www.youtube.com/channel/UC4aK2G676UhHPvI_KjMdxVA,Youtube,,False
https://media87.com/how-to-make-linkedin-post-assistant-with-n8n/,https://docs.n8n.io/integrations/builtin/credentials/linkedin/,n8n Docs,noreferrer noopener,False
https://media87.com/how-to-make-linkedin-post-assistant-with-n8n/,https://docs.n8n.io/integrations/builtin/credentials/linkedin/,n8n Docs,noreferrer noopener,False
https://media87.com/how-to-make-linkedin-post-assistant-with-n8n/,https://docs.n8n.io/integrations/builtin/credentials/linkedin/,n8n Docs,noreferrer noopener,False
https://media87.com/how-to-make-linkedin-post-assistant-with-n8n/,https://docs.n8n.io/integrations/builtin/credentials/linkedin/,n8n LinkedIn credential guidance,,False
https://media87.com/how-to-make-linkedin-post-assistant-with-n8n/,https://drive.google.com/file/d/1GSj9Y_GwsACvjFaAWEQ4H-T4bytgiSma/view?usp=sharing,https://drive.google.com/file/d/1GSj9Y_GwsACvjFaAWEQ4H-T4bytgiSma/view?usp=sharing,,False
https://media87.com/how-to-make-linkedin-post-assistant-with-n8n/,https://learn.microsoft.com/en-us/linkedin/marketing/community-management/shares/posts-api?view=li-lms-2026-07,Posts API documentation,,False
https://media87.com/how-to-make-linkedin-post-assistant-with-n8n/,https://media87.com,,,True
https://media87.com/how-to-make-linkedin-post-assistant-with-n8n/,https://media87.com/,Home,,True
https://media87.com/how-to-make-linkedin-post-assistant-with-n8n/,https://media87.com/,Home,,True
https://media87.com/how-to-make-linkedin-post-assistant-with-n8n/,https://media87.com/,Media87 digital marketing services,,True
https://media87.com/how-to-make-linkedin-post-assistant-with-n8n/,https://media87.com/2025/12/24/,"December 24, 2025",,True
https://media87.com/how-to-make-linkedin-post-assistant-with-n8n/,https://media87.com/about-us/,About Us,,True
https://media87.com/how-to-make-linkedin-post-assistant-with-n8n/,https://media87.com/about-us/,About Us,,True
https://media87.com/how-to-make-linkedin-post-assistant-with-n8n/,https://media87.com/ai-video-creation-service/,AI Video Creation Service,,True
https://media87.com/how-to-make-linkedin-post-assistant-with-n8n/,https://media87.com/ai-video-creation-service/,AI Video Creation Service,,True
https://media87.com/how-to-make-linkedin-post-assistant-with-n8n/,https://media87.com/category/blog/,Blog,tag,True
https://media87.com/how-to-make-linkedin-post-assistant-with-n8n/,https://media87.com/contact-us/,Contact Us,,True
https://media87.com/how-to-make-linkedin-post-assistant-with-n8n/,https://media87.com/contact-us/,Contact Us,,True
https://media87.com/how-to-make-linkedin-post-assistant-with-n8n/,https://media87.com/google-ads-agency-dubai-questions-before-signing/,,,True
https://media87.com/how-to-make-linkedin-post-assistant-with-n8n/,https://media87.com/google-ads-agency-dubai-questions-before-signing/,Google Ads Agency Dubai: 12 Questions to Ask Before You Sign,,True
https://media87.com/how-to-make-linkedin-post-assistant-with-n8n/,https://media87.com/hosting,n8n cloud on discount,,True
https://media87.com/how-to-make-linkedin-post-assistant-with-n8n/,https://media87.com/how-to-choose-dubai-digital-marketing-companies-partner/,How to Choose the Right Dubai Digital Marketing Companies Partner in Dubai,,True
https://media87.com/how-to-make-linkedin-post-assistant-with-n8n/,https://media87.com/how-to-make-linkedin-post-assistant-with-n8n/,Cancel reply,nofollow,True
https://media87.com/how-to-make-linkedin-post-assistant-with-n8n/,https://media87.com/how-to-make-linkedin-post-assistant-with-n8n/,No Comments,,True
https://media87.com/how-to-make-linkedin-post-assistant-with-n8n/,https://media87.com/seo-consultant-dubai-process-timeline-results/,"SEO Consultant Dubai: Process, Timeline, and Expected Results",,True
https://media87.com/how-to-make-linkedin-post-assistant-with-n8n/,https://media87.com/services/,Services,,True
https://media87.com/how-to-make-linkedin-post-assistant-with-n8n/,https://media87.com/services/,Services,,True
https://media87.com/how-to-make-linkedin-post-assistant-with-n8n/,https://media87.com/social-media-marketing-agency-dubai-services-costs-hiring-checklist/,"Social Media Marketing Agency Dubai: Services, Costs, and Hiring Checklist",,True
https://media87.com/how-to-make-linkedin-post-assistant-with-n8n/,https://media87.com/top-mistakes-to-avoid-when-hiring-seo-in-uae/,Top Mistakes to Avoid When Hiring SEO in UAE,,True
https://media87.com/how-to-make-linkedin-post-assistant-with-n8n/,https://media87.com/website-seo-vs-alternatives-uae-businesses/,Website SEO vs Alternatives: What Works for UAE Businesses for ranking,,True
https://media87.com/how-to-make-linkedin-post-assistant-with-n8n/,https://www.facebook.com/media87hq,Facebook-f,,False
https://media87.com/how-to-make-linkedin-post-assistant-with-n8n/,https://www.instagram.com/media87hq/,Instagram,,False
https://media87.com/how-to-make-linkedin-post-assistant-with-n8n/,https://www.youtube.com/channel/UC4aK2G676UhHPvI_KjMdxVA,Youtube,,False
https://media87.com/how-to-save-token-cost-and-make-openclaw-secure-with-one-prompt/,https://media87.com,,,True
https://media87.com/how-to-save-token-cost-and-make-openclaw-secure-with-one-prompt/,https://media87.com/,Home,,True
https://media87.com/how-to-save-token-cost-and-make-openclaw-secure-with-one-prompt/,https://media87.com/,Home,,True
https://media87.com/how-to-save-token-cost-and-make-openclaw-secure-with-one-prompt/,https://media87.com/2026/02/22/,"February 22, 2026",,True
https://media87.com/how-to-save-token-cost-and-make-openclaw-secure-with-one-prompt/,https://media87.com/about-us/,About Us,,True
https://media87.com/how-to-save-token-cost-and-make-openclaw-secure-with-one-prompt/,https://media87.com/about-us/,About Us,,True
https://media87.com/how-to-save-token-cost-and-make-openclaw-secure-with-one-prompt/,https://media87.com/ai-video-creation-service/,AI Video Creation Service,,True
https://media87.com/how-to-save-token-cost-and-make-openclaw-secure-with-one-prompt/,https://media87.com/ai-video-creation-service/,AI Video Creation Service,,True
https://media87.com/how-to-save-token-cost-and-make-openclaw-secure-with-one-prompt/,https://media87.com/category/blog/,Blog,tag,True
https://media87.com/how-to-save-token-cost-and-make-openclaw-secure-with-one-prompt/,https://media87.com/contact-us/,Contact Us,,True
https://media87.com/how-to-save-token-cost-and-make-openclaw-secure-with-one-prompt/,https://media87.com/contact-us/,Contact Us,,True
https://media87.com/how-to-save-token-cost-and-make-openclaw-secure-with-one-prompt/,https://media87.com/google-ads-agency-dubai-questions-before-signing/,,,True
https://media87.com/how-to-save-token-cost-and-make-openclaw-secure-with-one-prompt/,https://media87.com/google-ads-agency-dubai-questions-before-signing/,Google Ads Agency Dubai: 12 Questions to Ask Before You Sign,,True
https://media87.com/how-to-save-token-cost-and-make-openclaw-secure-with-one-prompt/,https://media87.com/how-to-choose-dubai-digital-marketing-companies-partner/,How to Choose the Right Dubai Digital Marketing Companies Partner in Dubai,,True
https://media87.com/how-to-save-token-cost-and-make-openclaw-secure-with-one-prompt/,https://media87.com/how-to-save-token-cost-and-make-openclaw-secure-with-one-prompt/,Cancel reply,nofollow,True
https://media87.com/how-to-save-token-cost-and-make-openclaw-secure-with-one-prompt/,https://media87.com/how-to-save-token-cost-and-make-openclaw-secure-with-one-prompt/,No Comments,,True
https://media87.com/how-to-save-token-cost-and-make-openclaw-secure-with-one-prompt/,https://media87.com/seo-consultant-dubai-process-timeline-results/,"SEO Consultant Dubai: Process, Timeline, and Expected Results",,True
https://media87.com/how-to-save-token-cost-and-make-openclaw-secure-with-one-prompt/,https://media87.com/services/,Services,,True
https://media87.com/how-to-save-token-cost-and-make-openclaw-secure-with-one-prompt/,https://media87.com/services/,Services,,True
https://media87.com/how-to-save-token-cost-and-make-openclaw-secure-with-one-prompt/,https://media87.com/social-media-marketing-agency-dubai-services-costs-hiring-checklist/,"Social Media Marketing Agency Dubai: Services, Costs, and Hiring Checklist",,True
https://media87.com/how-to-save-token-cost-and-make-openclaw-secure-with-one-prompt/,https://media87.com/top-mistakes-to-avoid-when-hiring-seo-in-uae/,Top Mistakes to Avoid When Hiring SEO in UAE,,True
https://media87.com/how-to-save-token-cost-and-make-openclaw-secure-with-one-prompt/,https://media87.com/website-seo-vs-alternatives-uae-businesses/,Website SEO vs Alternatives: What Works for UAE Businesses for ranking,,True
https://media87.com/how-to-save-token-cost-and-make-openclaw-secure-with-one-prompt/,https://www.facebook.com/media87hq,Facebook-f,,False
https://media87.com/how-to-save-token-cost-and-make-openclaw-secure-with-one-prompt/,https://www.instagram.com/media87hq/,Instagram,,False
https://media87.com/how-to-save-token-cost-and-make-openclaw-secure-with-one-prompt/,https://www.youtube.com/channel/UC4aK2G676UhHPvI_KjMdxVA,Youtube,,False
https://media87.com/local-seo-dubai-how-to-rank-for-near-me-searches-in-2026/,https://developers.google.com/search/docs/fundamentals/seo-starter-guide,SEO Starter Guide,noreferrer noopener,False
https://media87.com/local-seo-dubai-how-to-rank-for-near-me-searches-in-2026/,https://media87.com,,,True
https://media87.com/local-seo-dubai-how-to-rank-for-near-me-searches-in-2026/,https://media87.com/,Home,,True
https://media87.com/local-seo-dubai-how-to-rank-for-near-me-searches-in-2026/,https://media87.com/,Home,,True
https://media87.com/local-seo-dubai-how-to-rank-for-near-me-searches-in-2026/,https://media87.com/2026/05/28/,"May 28, 2026",,True
https://media87.com/local-seo-dubai-how-to-rank-for-near-me-searches-in-2026/,https://media87.com/about-us/,About Us,,True
https://media87.com/local-seo-dubai-how-to-rank-for-near-me-searches-in-2026/,https://media87.com/about-us/,About Us,,True
https://media87.com/local-seo-dubai-how-to-rank-for-near-me-searches-in-2026/,https://media87.com/ai-video-creation-service/,AI Video Creation Service,,True
https://media87.com/local-seo-dubai-how-to-rank-for-near-me-searches-in-2026/,https://media87.com/ai-video-creation-service/,AI Video Creation Service,,True
https://media87.com/local-seo-dubai-how-to-rank-for-near-me-searches-in-2026/,https://media87.com/ai-video-creation-service/,AI video creation service for business marketing,noreferrer noopener,True
https://media87.com/local-seo-dubai-how-to-rank-for-near-me-searches-in-2026/,https://media87.com/category/blog/,Blog,tag,True
https://media87.com/local-seo-dubai-how-to-rank-for-near-me-searches-in-2026/,https://media87.com/contact-us/,Book a strategy discussion with Media87,noreferrer noopener,True
https://media87.com/local-seo-dubai-how-to-rank-for-near-me-searches-in-2026/,https://media87.com/contact-us/,Contact Us,,True
https://media87.com/local-seo-dubai-how-to-rank-for-near-me-searches-in-2026/,https://media87.com/contact-us/,Contact Us,,True
https://media87.com/local-seo-dubai-how-to-rank-for-near-me-searches-in-2026/,https://media87.com/google-ads-agency-dubai-questions-before-signing/,,,True
https://media87.com/local-seo-dubai-how-to-rank-for-near-me-searches-in-2026/,https://media87.com/google-ads-agency-dubai-questions-before-signing/,Google Ads Agency Dubai: 12 Questions to Ask Before You Sign,,True
https://media87.com/local-seo-dubai-how-to-rank-for-near-me-searches-in-2026/,https://media87.com/how-to-choose-dubai-digital-marketing-companies-partner/,How to Choose the Right Dubai Digital Marketing Companies Partner in Dubai,,True
https://media87.com/local-seo-dubai-how-to-rank-for-near-me-searches-in-2026/,https://media87.com/local-seo-dubai-how-to-rank-for-near-me-searches-in-2026/,Cancel reply,nofollow,True
https://media87.com/local-seo-dubai-how-to-rank-for-near-me-searches-in-2026/,https://media87.com/local-seo-dubai-how-to-rank-for-near-me-searches-in-2026/,No Comments,,True
https://media87.com/local-seo-dubai-how-to-rank-for-near-me-searches-in-2026/,https://media87.com/seo-consultant-dubai-process-timeline-results/,"SEO Consultant Dubai: Process, Timeline, and Expected Results",,True
https://media87.com/local-seo-dubai-how-to-rank-for-near-me-searches-in-2026/,https://media87.com/seo-vs-google-ads-dubai-businesses-2026/,SEO vs Google Ads for Dubai businesses,noreferrer noopener,True
https://media87.com/local-seo-dubai-how-to-rank-for-near-me-searches-in-2026/,https://media87.com/services/,Digital marketing services in Dubai,noreferrer noopener,True
https://media87.com/local-seo-dubai-how-to-rank-for-near-me-searches-in-2026/,https://media87.com/services/,Services,,True
https://media87.com/local-seo-dubai-how-to-rank-for-near-me-searches-in-2026/,https://media87.com/services/,Services,,True
https://media87.com/local-seo-dubai-how-to-rank-for-near-me-searches-in-2026/,https://media87.com/services/,core services page architecture,noreferrer noopener,True
https://media87.com/local-seo-dubai-how-to-rank-for-near-me-searches-in-2026/,https://media87.com/social-media-marketing-agency-dubai-services-costs-hiring-checklist/,"Social Media Marketing Agency Dubai: Services, Costs, and Hiring Checklist",,True
https://media87.com/local-seo-dubai-how-to-rank-for-near-me-searches-in-2026/,https://media87.com/top-mistakes-to-avoid-when-hiring-seo-in-uae/,Top Mistakes to Avoid When Hiring SEO in UAE,,True
https://media87.com/local-seo-dubai-how-to-rank-for-near-me-searches-in-2026/,https://media87.com/website-seo-vs-alternatives-uae-businesses/,Website SEO vs Alternatives: What Works for UAE Businesses for ranking,,True
https://media87.com/local-seo-dubai-how-to-rank-for-near-me-searches-in-2026/,https://pagespeed.web.dev/,PageSpeed Insights,noreferrer noopener,False
https://media87.com/local-seo-dubai-how-to-rank-for-near-me-searches-in-2026/,https://support.google.com/business/answer/7091,Business Profile guidance,noreferrer noopener,False
https://media87.com/local-seo-dubai-how-to-rank-for-near-me-searches-in-2026/,https://www.facebook.com/media87hq,Facebook-f,,False
https://media87.com/local-seo-dubai-how-to-rank-for-near-me-searches-in-2026/,https://www.instagram.com/media87hq/,Instagram,,False
https://media87.com/local-seo-dubai-how-to-rank-for-near-me-searches-in-2026/,https://www.youtube.com/channel/UC4aK2G676UhHPvI_KjMdxVA,Youtube,,False
https://media87.com/local-seo-guide-2025-how-to-dominate-local-search-rankings/,https://media87.com,,,True
https://media87.com/local-seo-guide-2025-how-to-dominate-local-search-rankings/,https://media87.com/,Home,,True
https://media87.com/local-seo-guide-2025-how-to-dominate-local-search-rankings/,https://media87.com/,Home,,True
https://media87.com/local-seo-guide-2025-how-to-dominate-local-search-rankings/,https://media87.com/,Media87,,True
https://media87.com/local-seo-guide-2025-how-to-dominate-local-search-rankings/,https://media87.com/2026/02/15/,"February 15, 2026",,True
https://media87.com/local-seo-guide-2025-how-to-dominate-local-search-rankings/,https://media87.com/about-us/,About Us,,True
https://media87.com/local-seo-guide-2025-how-to-dominate-local-search-rankings/,https://media87.com/about-us/,About Us,,True
https://media87.com/local-seo-guide-2025-how-to-dominate-local-search-rankings/,https://media87.com/ai-video-creation-service/,AI Video Creation Service,,True
https://media87.com/local-seo-guide-2025-how-to-dominate-local-search-rankings/,https://media87.com/ai-video-creation-service/,AI Video Creation Service,,True
https://media87.com/local-seo-guide-2025-how-to-dominate-local-search-rankings/,https://media87.com/category/blog/,Blog,tag,True
https://media87.com/local-seo-guide-2025-how-to-dominate-local-search-rankings/,https://media87.com/contact-us/,Contact Us,,True
https://media87.com/local-seo-guide-2025-how-to-dominate-local-search-rankings/,https://media87.com/contact-us/,Contact Us,,True
https://media87.com/local-seo-guide-2025-how-to-dominate-local-search-rankings/,https://media87.com/google-ads-agency-dubai-questions-before-signing/,,,True
https://media87.com/local-seo-guide-2025-how-to-dominate-local-search-rankings/,https://media87.com/google-ads-agency-dubai-questions-before-signing/,Google Ads Agency Dubai: 12 Questions to Ask Before You Sign,,True
https://media87.com/local-seo-guide-2025-how-to-dominate-local-search-rankings/,https://media87.com/how-to-choose-dubai-digital-marketing-companies-partner/,How to Choose the Right Dubai Digital Marketing Companies Partner in Dubai,,True
https://media87.com/local-seo-guide-2025-how-to-dominate-local-search-rankings/,https://media87.com/local-seo-guide-2025-how-to-dominate-local-search-rankings/,Cancel reply,nofollow,True
https://media87.com/local-seo-guide-2025-how-to-dominate-local-search-rankings/,https://media87.com/local-seo-guide-2025-how-to-dominate-local-search-rankings/,No Comments,,True
https://media87.com/local-seo-guide-2025-how-to-dominate-local-search-rankings/,https://media87.com/seo-consultant-dubai-process-timeline-results/,"SEO Consultant Dubai: Process, Timeline, and Expected Results",,True
https://media87.com/local-seo-guide-2025-how-to-dominate-local-search-rankings/,https://media87.com/services/,Services,,True
https://media87.com/local-seo-guide-2025-how-to-dominate-local-search-rankings/,https://media87.com/services/,Services,,True
https://media87.com/local-seo-guide-2025-how-to-dominate-local-search-rankings/,https://media87.com/social-media-marketing-agency-dubai-services-costs-hiring-checklist/,"Social Media Marketing Agency Dubai: Services, Costs, and Hiring Checklist",,True
https://media87.com/local-seo-guide-2025-how-to-dominate-local-search-rankings/,https://media87.com/top-mistakes-to-avoid-when-hiring-seo-in-uae/,Top Mistakes to Avoid When Hiring SEO in UAE,,True
https://media87.com/local-seo-guide-2025-how-to-dominate-local-search-rankings/,https://media87.com/website-seo-vs-alternatives-uae-businesses/,Website SEO vs Alternatives: What Works for UAE Businesses for ranking,,True
https://media87.com/local-seo-guide-2025-how-to-dominate-local-search-rankings/,https://www.facebook.com/media87hq,Facebook-f,,False
https://media87.com/local-seo-guide-2025-how-to-dominate-local-search-rankings/,https://www.instagram.com/media87hq/,Instagram,,False
https://media87.com/local-seo-guide-2025-how-to-dominate-local-search-rankings/,https://www.youtube.com/channel/UC4aK2G676UhHPvI_KjMdxVA,Youtube,,False
https://media87.com/local-seo-in-2026-practical-playbook-for-dubai-businesses/,https://media87.com,,,True
https://media87.com/local-seo-in-2026-practical-playbook-for-dubai-businesses/,https://media87.com/,Home,,True
https://media87.com/local-seo-in-2026-practical-playbook-for-dubai-businesses/,https://media87.com/,Home,,True
https://media87.com/local-seo-in-2026-practical-playbook-for-dubai-businesses/,https://media87.com/2026/02/15/,"February 15, 2026",,True
https://media87.com/local-seo-in-2026-practical-playbook-for-dubai-businesses/,https://media87.com/about-us/,About Us,,True
https://media87.com/local-seo-in-2026-practical-playbook-for-dubai-businesses/,https://media87.com/about-us/,About Us,,True
https://media87.com/local-seo-in-2026-practical-playbook-for-dubai-businesses/,https://media87.com/ai-video-creation-service/,AI Video Creation Service,,True
https://media87.com/local-seo-in-2026-practical-playbook-for-dubai-businesses/,https://media87.com/ai-video-creation-service/,AI Video Creation Service,,True
https://media87.com/local-seo-in-2026-practical-playbook-for-dubai-businesses/,https://media87.com/category/blog/,Blog,tag,True
https://media87.com/local-seo-in-2026-practical-playbook-for-dubai-businesses/,https://media87.com/contact-us/,Contact Us,,True
https://media87.com/local-seo-in-2026-practical-playbook-for-dubai-businesses/,https://media87.com/contact-us/,Contact Us,,True
https://media87.com/local-seo-in-2026-practical-playbook-for-dubai-businesses/,https://media87.com/google-ads-agency-dubai-questions-before-signing/,,,True
https://media87.com/local-seo-in-2026-practical-playbook-for-dubai-businesses/,https://media87.com/google-ads-agency-dubai-questions-before-signing/,Google Ads Agency Dubai: 12 Questions to Ask Before You Sign,,True
https://media87.com/local-seo-in-2026-practical-playbook-for-dubai-businesses/,https://media87.com/how-to-choose-dubai-digital-marketing-companies-partner/,How to Choose the Right Dubai Digital Marketing Companies Partner in Dubai,,True
https://media87.com/local-seo-in-2026-practical-playbook-for-dubai-businesses/,https://media87.com/local-seo-in-2026-practical-playbook-for-dubai-businesses/,Cancel reply,nofollow,True
https://media87.com/local-seo-in-2026-practical-playbook-for-dubai-businesses/,https://media87.com/local-seo-in-2026-practical-playbook-for-dubai-businesses/,No Comments,,True
https://media87.com/local-seo-in-2026-practical-playbook-for-dubai-businesses/,https://media87.com/seo-consultant-dubai-process-timeline-results/,"SEO Consultant Dubai: Process, Timeline, and Expected Results",,True
https://media87.com/local-seo-in-2026-practical-playbook-for-dubai-businesses/,https://media87.com/services/,Services,,True
https://media87.com/local-seo-in-2026-practical-playbook-for-dubai-businesses/,https://media87.com/services/,Services,,True
https://media87.com/local-seo-in-2026-practical-playbook-for-dubai-businesses/,https://media87.com/social-media-marketing-agency-dubai-services-costs-hiring-checklist/,"Social Media Marketing Agency Dubai: Services, Costs, and Hiring Checklist",,True
https://media87.com/local-seo-in-2026-practical-playbook-for-dubai-businesses/,https://media87.com/top-mistakes-to-avoid-when-hiring-seo-in-uae/,Top Mistakes to Avoid When Hiring SEO in UAE,,True
https://media87.com/local-seo-in-2026-practical-playbook-for-dubai-businesses/,https://media87.com/website-seo-vs-alternatives-uae-businesses/,Website SEO vs Alternatives: What Works for UAE Businesses for ranking,,True
https://media87.com/local-seo-in-2026-practical-playbook-for-dubai-businesses/,https://www.facebook.com/media87hq,Facebook-f,,False
https://media87.com/local-seo-in-2026-practical-playbook-for-dubai-businesses/,https://www.instagram.com/media87hq/,Instagram,,False
https://media87.com/local-seo-in-2026-practical-playbook-for-dubai-businesses/,https://www.youtube.com/channel/UC4aK2G676UhHPvI_KjMdxVA,Youtube,,False
https://media87.com/local-seo-what-it-is-how-to-do-it-complete-2026-guide/,https://media87.com,,,True
https://media87.com/local-seo-what-it-is-how-to-do-it-complete-2026-guide/,https://media87.com/,Home,,True
https://media87.com/local-seo-what-it-is-how-to-do-it-complete-2026-guide/,https://media87.com/,Home,,True
https://media87.com/local-seo-what-it-is-how-to-do-it-complete-2026-guide/,https://media87.com/,Media87,,True
https://media87.com/local-seo-what-it-is-how-to-do-it-complete-2026-guide/,https://media87.com/2026/01/09/,"January 9, 2026",,True
https://media87.com/local-seo-what-it-is-how-to-do-it-complete-2026-guide/,https://media87.com/about-us/,About Us,,True
https://media87.com/local-seo-what-it-is-how-to-do-it-complete-2026-guide/,https://media87.com/about-us/,About Us,,True
https://media87.com/local-seo-what-it-is-how-to-do-it-complete-2026-guide/,https://media87.com/ai-video-creation-service/,AI Video Creation Service,,True
https://media87.com/local-seo-what-it-is-how-to-do-it-complete-2026-guide/,https://media87.com/ai-video-creation-service/,AI Video Creation Service,,True
https://media87.com/local-seo-what-it-is-how-to-do-it-complete-2026-guide/,https://media87.com/category/blog/,Blog,tag,True
https://media87.com/local-seo-what-it-is-how-to-do-it-complete-2026-guide/,https://media87.com/contact-us/,Contact Us,,True
https://media87.com/local-seo-what-it-is-how-to-do-it-complete-2026-guide/,https://media87.com/contact-us/,Contact Us,,True
https://media87.com/local-seo-what-it-is-how-to-do-it-complete-2026-guide/,https://media87.com/google-ads-agency-dubai-questions-before-signing/,,,True
https://media87.com/local-seo-what-it-is-how-to-do-it-complete-2026-guide/,https://media87.com/google-ads-agency-dubai-questions-before-signing/,Google Ads Agency Dubai: 12 Questions to Ask Before You Sign,,True
https://media87.com/local-seo-what-it-is-how-to-do-it-complete-2026-guide/,https://media87.com/how-to-choose-dubai-digital-marketing-companies-partner/,How to Choose the Right Dubai Digital Marketing Companies Partner in Dubai,,True
https://media87.com/local-seo-what-it-is-how-to-do-it-complete-2026-guide/,https://media87.com/local-seo-what-it-is-how-to-do-it-complete-2026-guide/,Cancel reply,nofollow,True
https://media87.com/local-seo-what-it-is-how-to-do-it-complete-2026-guide/,https://media87.com/local-seo-what-it-is-how-to-do-it-complete-2026-guide/,No Comments,,True
https://media87.com/local-seo-what-it-is-how-to-do-it-complete-2026-guide/,https://media87.com/seo-consultant-dubai-process-timeline-results/,"SEO Consultant Dubai: Process, Timeline, and Expected Results",,True
https://media87.com/local-seo-what-it-is-how-to-do-it-complete-2026-guide/,https://media87.com/services/,Services,,True
https://media87.com/local-seo-what-it-is-how-to-do-it-complete-2026-guide/,https://media87.com/services/,Services,,True
https://media87.com/local-seo-what-it-is-how-to-do-it-complete-2026-guide/,https://media87.com/social-media-marketing-agency-dubai-services-costs-hiring-checklist/,"Social Media Marketing Agency Dubai: Services, Costs, and Hiring Checklist",,True
https://media87.com/local-seo-what-it-is-how-to-do-it-complete-2026-guide/,https://media87.com/top-mistakes-to-avoid-when-hiring-seo-in-uae/,Top Mistakes to Avoid When Hiring SEO in UAE,,True
https://media87.com/local-seo-what-it-is-how-to-do-it-complete-2026-guide/,https://media87.com/website-seo-vs-alternatives-uae-businesses/,Website SEO vs Alternatives: What Works for UAE Businesses for ranking,,True
https://media87.com/local-seo-what-it-is-how-to-do-it-complete-2026-guide/,https://www.facebook.com/media87hq,Facebook-f,,False
https://media87.com/local-seo-what-it-is-how-to-do-it-complete-2026-guide/,https://www.instagram.com/media87hq/,Instagram,,False
https://media87.com/local-seo-what-it-is-how-to-do-it-complete-2026-guide/,https://www.youtube.com/channel/UC4aK2G676UhHPvI_KjMdxVA,Youtube,,False
https://media87.com/portfolio/,https://media87.com,,,True
https://media87.com/portfolio/,https://media87.com/,Home,,True
https://media87.com/portfolio/,https://media87.com/,Home,,True
https://media87.com/portfolio/,https://media87.com/,Media87,,True
https://media87.com/portfolio/,https://media87.com/2026/01/26/,"January 26, 2026",,True
https://media87.com/portfolio/,https://media87.com/about-us/,About Us,,True
https://media87.com/portfolio/,https://media87.com/about-us/,About Us,,True
https://media87.com/portfolio/,https://media87.com/ai-video-creation-service/,AI Video Creation Service,,True
https://media87.com/portfolio/,https://media87.com/ai-video-creation-service/,AI Video Creation Service,,True
https://media87.com/portfolio/,https://media87.com/category/blog/,Blog,tag,True
https://media87.com/portfolio/,https://media87.com/contact-us/,Contact Us,,True
https://media87.com/portfolio/,https://media87.com/contact-us/,Contact Us,,True
https://media87.com/portfolio/,https://media87.com/google-ads-agency-dubai-questions-before-signing/,,,True
https://media87.com/portfolio/,https://media87.com/google-ads-agency-dubai-questions-before-signing/,Google Ads Agency Dubai: 12 Questions to Ask Before You Sign,,True
https://media87.com/portfolio/,https://media87.com/how-to-choose-dubai-digital-marketing-companies-partner/,How to Choose the Right Dubai Digital Marketing Companies Partner in Dubai,,True
https://media87.com/portfolio/,https://media87.com/portfolio/,Cancel reply,nofollow,True
https://media87.com/portfolio/,https://media87.com/portfolio/,No Comments,,True
https://media87.com/portfolio/,https://media87.com/seo-consultant-dubai-process-timeline-results/,"SEO Consultant Dubai: Process, Timeline, and Expected Results",,True
https://media87.com/portfolio/,https://media87.com/services/,Services,,True
https://media87.com/portfolio/,https://media87.com/services/,Services,,True
https://media87.com/portfolio/,https://media87.com/social-media-marketing-agency-dubai-services-costs-hiring-checklist/,"Social Media Marketing Agency Dubai: Services, Costs, and Hiring Checklist",,True
https://media87.com/portfolio/,https://media87.com/top-mistakes-to-avoid-when-hiring-seo-in-uae/,Top Mistakes to Avoid When Hiring SEO in UAE,,True
https://media87.com/portfolio/,https://media87.com/website-seo-vs-alternatives-uae-businesses/,Website SEO vs Alternatives: What Works for UAE Businesses for ranking,,True
https://media87.com/portfolio/,https://media87.com/wp-content/uploads/2026/01/muddaser-portfolio.pdf,Download,,True
https://media87.com/portfolio/,https://media87.com/wp-content/uploads/2026/01/muddaser-portfolio.pdf,muddaser portfolio,,True
https://media87.com/portfolio/,https://www.facebook.com/media87hq,Facebook-f,,False
https://media87.com/portfolio/,https://www.instagram.com/media87hq/,Instagram,,False
https://media87.com/portfolio/,https://www.youtube.com/channel/UC4aK2G676UhHPvI_KjMdxVA,Youtube,,False
https://media87.com/seo-consultant-dubai-process-timeline-results/,https://media87.com,,,True
https://media87.com/seo-consultant-dubai-process-timeline-results/,https://media87.com/,Home,,True
https://media87.com/seo-consultant-dubai-process-timeline-results/,https://media87.com/,Home,,True
https://media87.com/seo-consultant-dubai-process-timeline-results/,https://media87.com/2026/06/26/,"June 26, 2026",,True
https://media87.com/seo-consultant-dubai-process-timeline-results/,https://media87.com/about-us/,About Us,,True
https://media87.com/seo-consultant-dubai-process-timeline-results/,https://media87.com/about-us/,About Us,,True
https://media87.com/seo-consultant-dubai-process-timeline-results/,https://media87.com/ai-video-creation-service/,AI Video Creation Service,,True
https://media87.com/seo-consultant-dubai-process-timeline-results/,https://media87.com/ai-video-creation-service/,AI Video Creation Service,,True
https://media87.com/seo-consultant-dubai-process-timeline-results/,https://media87.com/category/blog/,Blog,tag,True
https://media87.com/seo-consultant-dubai-process-timeline-results/,https://media87.com/contact-us/,Contact Us,,True
https://media87.com/seo-consultant-dubai-process-timeline-results/,https://media87.com/contact-us/,Contact Us,,True
https://media87.com/seo-consultant-dubai-process-timeline-results/,https://media87.com/contact/,Contact Media87,,True
https://media87.com/seo-consultant-dubai-process-timeline-results/,https://media87.com/digital-marketing-services-dubai/,digital marketing services in Dubai,,True
https://media87.com/seo-consultant-dubai-process-timeline-results/,https://media87.com/google-ads-agency-dubai-questions-before-signing/,,,True
https://media87.com/seo-consultant-dubai-process-timeline-results/,https://media87.com/google-ads-agency-dubai-questions-before-signing/,Google Ads Agency Dubai: 12 Questions to Ask Before You Sign,,True
https://media87.com/seo-consultant-dubai-process-timeline-results/,https://media87.com/google-ads-management-dubai/,Google Ads management in Dubai,,True
https://media87.com/seo-consultant-dubai-process-timeline-results/,https://media87.com/how-to-choose-dubai-digital-marketing-companies-partner/,How to Choose the Right Dubai Digital Marketing Companies Partner in Dubai,,True
https://media87.com/seo-consultant-dubai-process-timeline-results/,https://media87.com/seo-consultant-dubai-process-timeline-results/,Cancel reply,nofollow,True
https://media87.com/seo-consultant-dubai-process-timeline-results/,https://media87.com/seo-consultant-dubai-process-timeline-results/,No Comments,,True
https://media87.com/seo-consultant-dubai-process-timeline-results/,https://media87.com/seo-consultant-dubai-process-timeline-results/,"SEO Consultant Dubai: Process, Timeline, and Expected Results",,True
https://media87.com/seo-consultant-dubai-process-timeline-results/,https://media87.com/seo-services-dubai/,SEO services in Dubai,,True
https://media87.com/seo-consultant-dubai-process-timeline-results/,https://media87.com/services/,Services,,True
https://media87.com/seo-consultant-dubai-process-timeline-results/,https://media87.com/services/,Services,,True
https://media87.com/seo-consultant-dubai-process-timeline-results/,https://media87.com/social-media-marketing-agency-dubai-services-costs-hiring-checklist/,"Social Media Marketing Agency Dubai: Services, Costs, and Hiring Checklist",,True
https://media87.com/seo-consultant-dubai-process-timeline-results/,https://media87.com/top-mistakes-to-avoid-when-hiring-seo-in-uae/,Top Mistakes to Avoid When Hiring SEO in UAE,,True
https://media87.com/seo-consultant-dubai-process-timeline-results/,https://media87.com/website-seo-vs-alternatives-uae-businesses/,Website SEO vs Alternatives: What Works for UAE Businesses for ranking,,True
https://media87.com/seo-consultant-dubai-process-timeline-results/,https://www.facebook.com/media87hq,Facebook-f,,False
https://media87.com/seo-consultant-dubai-process-timeline-results/,https://www.instagram.com/media87hq/,Instagram,,False
https://media87.com/seo-consultant-dubai-process-timeline-results/,https://www.youtube.com/channel/UC4aK2G676UhHPvI_KjMdxVA,Youtube,,False
https://media87.com/seo-cost-dubai-buyer-guide/,https://media87.com,,,True
https://media87.com/seo-cost-dubai-buyer-guide/,https://media87.com/,Home,,True
https://media87.com/seo-cost-dubai-buyer-guide/,https://media87.com/,Home,,True
https://media87.com/seo-cost-dubai-buyer-guide/,https://media87.com/2026/05/27/,"May 27, 2026",,True
https://media87.com/seo-cost-dubai-buyer-guide/,https://media87.com/about-us/,About Us,,True
https://media87.com/seo-cost-dubai-buyer-guide/,https://media87.com/about-us/,About Us,,True
https://media87.com/seo-cost-dubai-buyer-guide/,https://media87.com/ai-video-creation-service/,AI Video Creation Service,,True
https://media87.com/seo-cost-dubai-buyer-guide/,https://media87.com/ai-video-creation-service/,AI Video Creation Service,,True
https://media87.com/seo-cost-dubai-buyer-guide/,https://media87.com/category/blog/,Blog,tag,True
https://media87.com/seo-cost-dubai-buyer-guide/,https://media87.com/contact-us/,Contact Us,,True
https://media87.com/seo-cost-dubai-buyer-guide/,https://media87.com/contact-us/,Contact Us,,True
https://media87.com/seo-cost-dubai-buyer-guide/,https://media87.com/digital-marketing-services-in-dubai/,Digital Marketing Services in Dubai,,True
https://media87.com/seo-cost-dubai-buyer-guide/,https://media87.com/google-ads-agency-dubai-questions-before-signing/,,,True
https://media87.com/seo-cost-dubai-buyer-guide/,https://media87.com/google-ads-agency-dubai-questions-before-signing/,Google Ads Agency Dubai: 12 Questions to Ask Before You Sign,,True
https://media87.com/seo-cost-dubai-buyer-guide/,https://media87.com/how-to-choose-dubai-digital-marketing-companies-partner/,How to Choose the Right Dubai Digital Marketing Companies Partner in Dubai,,True
https://media87.com/seo-cost-dubai-buyer-guide/,https://media87.com/seo-consultant-dubai-process-timeline-results/,"SEO Consultant Dubai: Process, Timeline, and Expected Results",,True
https://media87.com/seo-cost-dubai-buyer-guide/,https://media87.com/seo-cost-dubai-buyer-guide/,Cancel reply,nofollow,True
https://media87.com/seo-cost-dubai-buyer-guide/,https://media87.com/seo-cost-dubai-buyer-guide/,No Comments,,True
https://media87.com/seo-cost-dubai-buyer-guide/,https://media87.com/seo-for-dubai-businesses/,Complete Guide to SEO for Dubai Businesses,,True
https://media87.com/seo-cost-dubai-buyer-guide/,https://media87.com/seo-services-dubai/,SEO services in Dubai,,True
https://media87.com/seo-cost-dubai-buyer-guide/,https://media87.com/services/,Services,,True
https://media87.com/seo-cost-dubai-buyer-guide/,https://media87.com/services/,Services,,True
https://media87.com/seo-cost-dubai-buyer-guide/,https://media87.com/social-media-marketing-agency-dubai-services-costs-hiring-checklist/,"Social Media Marketing Agency Dubai: Services, Costs, and Hiring Checklist",,True
https://media87.com/seo-cost-dubai-buyer-guide/,https://media87.com/top-mistakes-to-avoid-when-hiring-seo-in-uae/,Top Mistakes to Avoid When Hiring SEO in UAE,,True
https://media87.com/seo-cost-dubai-buyer-guide/,https://media87.com/website-seo-vs-alternatives-uae-businesses/,Website SEO vs Alternatives: What Works for UAE Businesses for ranking,,True
https://media87.com/seo-cost-dubai-buyer-guide/,https://www.facebook.com/media87hq,Facebook-f,,False
https://media87.com/seo-cost-dubai-buyer-guide/,https://www.instagram.com/media87hq/,Instagram,,False
https://media87.com/seo-cost-dubai-buyer-guide/,https://www.youtube.com/channel/UC4aK2G676UhHPvI_KjMdxVA,Youtube,,False
https://media87.com/seo-vs-google-ads-dubai-businesses/,https://media87.com,,,True
https://media87.com/seo-vs-google-ads-dubai-businesses/,https://media87.com/,Home,,True
https://media87.com/seo-vs-google-ads-dubai-businesses/,https://media87.com/,Home,,True
https://media87.com/seo-vs-google-ads-dubai-businesses/,https://media87.com/2026/05/27/,"May 27, 2026",,True
https://media87.com/seo-vs-google-ads-dubai-businesses/,https://media87.com/about-us/,About Us,,True
https://media87.com/seo-vs-google-ads-dubai-businesses/,https://media87.com/about-us/,About Us,,True
https://media87.com/seo-vs-google-ads-dubai-businesses/,https://media87.com/ai-video-creation-service/,AI Video Creation Service,,True
https://media87.com/seo-vs-google-ads-dubai-businesses/,https://media87.com/ai-video-creation-service/,AI Video Creation Service,,True
https://media87.com/seo-vs-google-ads-dubai-businesses/,https://media87.com/category/blog/,Blog,tag,True
https://media87.com/seo-vs-google-ads-dubai-businesses/,https://media87.com/contact-us/,Contact Us,,True
https://media87.com/seo-vs-google-ads-dubai-businesses/,https://media87.com/contact-us/,Contact Us,,True
https://media87.com/seo-vs-google-ads-dubai-businesses/,https://media87.com/contact/,Request your strategy call,,True
https://media87.com/seo-vs-google-ads-dubai-businesses/,https://media87.com/digital-marketing-services-in-dubai/,Digital Marketing Services in Dubai,,True
https://media87.com/seo-vs-google-ads-dubai-businesses/,https://media87.com/google-ads-agency-dubai-questions-before-signing/,,,True
https://media87.com/seo-vs-google-ads-dubai-businesses/,https://media87.com/google-ads-agency-dubai-questions-before-signing/,Google Ads Agency Dubai: 12 Questions to Ask Before You Sign,,True
https://media87.com/seo-vs-google-ads-dubai-businesses/,https://media87.com/how-to-choose-dubai-digital-marketing-companies-partner/,How to Choose the Right Dubai Digital Marketing Companies Partner in Dubai,,True
https://media87.com/seo-vs-google-ads-dubai-businesses/,https://media87.com/seo-consultant-dubai-process-timeline-results/,"SEO Consultant Dubai: Process, Timeline, and Expected Results",,True
https://media87.com/seo-vs-google-ads-dubai-businesses/,https://media87.com/seo-cost-dubai-buyer-guide/,SEO Cost in Dubai Buyer Guide,,True
https://media87.com/seo-vs-google-ads-dubai-businesses/,https://media87.com/seo-for-dubai-businesses/,SEO for Dubai Businesses,,True
https://media87.com/seo-vs-google-ads-dubai-businesses/,https://media87.com/seo-services-dubai/,SEO services in Dubai,,True
https://media87.com/seo-vs-google-ads-dubai-businesses/,https://media87.com/seo-vs-google-ads-dubai-businesses/,Cancel reply,nofollow,True
https://media87.com/seo-vs-google-ads-dubai-businesses/,https://media87.com/seo-vs-google-ads-dubai-businesses/,No Comments,,True
https://media87.com/seo-vs-google-ads-dubai-businesses/,https://media87.com/services/,Services,,True
https://media87.com/seo-vs-google-ads-dubai-businesses/,https://media87.com/services/,Services,,True
https://media87.com/seo-vs-google-ads-dubai-businesses/,https://media87.com/social-media-marketing-agency-dubai-services-costs-hiring-checklist/,"Social Media Marketing Agency Dubai: Services, Costs, and Hiring Checklist",,True
https://media87.com/seo-vs-google-ads-dubai-businesses/,https://media87.com/top-mistakes-to-avoid-when-hiring-seo-in-uae/,Top Mistakes to Avoid When Hiring SEO in UAE,,True
https://media87.com/seo-vs-google-ads-dubai-businesses/,https://media87.com/website-seo-vs-alternatives-uae-businesses/,Website SEO vs Alternatives: What Works for UAE Businesses for ranking,,True
https://media87.com/seo-vs-google-ads-dubai-businesses/,https://www.facebook.com/media87hq,Facebook-f,,False
https://media87.com/seo-vs-google-ads-dubai-businesses/,https://www.instagram.com/media87hq/,Instagram,,False
https://media87.com/seo-vs-google-ads-dubai-businesses/,https://www.youtube.com/channel/UC4aK2G676UhHPvI_KjMdxVA,Youtube,,False
https://media87.com/services/,https://chat.media87.com/share/bfa81d9bba3647f9907117b422fca4cf,Get Started,,False
https://media87.com/services/,https://chat.media87.com/share/bfa81d9bba3647f9907117b422fca4cf,Get Started,,False
https://media87.com/services/,https://media87.com,,,True
https://media87.com/services/,https://media87.com/,Home,,True
https://media87.com/services/,https://media87.com/,Home,,True
https://media87.com/services/,https://media87.com/about-us/,About Us,,True
https://media87.com/services/,https://media87.com/about-us/,About Us,,True
https://media87.com/services/,https://media87.com/ai-video-creation-service/,AI Video Creation Service,,True
https://media87.com/services/,https://media87.com/ai-video-creation-service/,AI Video Creation Service,,True
https://media87.com/services/,https://media87.com/ai-video-creation-service/,Learn more,,True
https://media87.com/services/,https://media87.com/contact-us/,Contact Us,,True
https://media87.com/services/,https://media87.com/contact-us/,Contact Us,,True
https://media87.com/services/,https://media87.com/services/,Services,,True
https://media87.com/services/,https://media87.com/services/,Services,,True
https://media87.com/services/,https://www.facebook.com/media87hq,Facebook-f,,False
https://media87.com/services/,https://www.instagram.com/media87hq/,Instagram,,False
https://media87.com/services/,https://www.youtube.com/channel/UC4aK2G676UhHPvI_KjMdxVA,Youtube,,False
https://media87.com/social-media-marketing-agency-dubai-services-costs-hiring-checklist/,https://media87.com,,,True
https://media87.com/social-media-marketing-agency-dubai-services-costs-hiring-checklist/,https://media87.com/,Home,,True
https://media87.com/social-media-marketing-agency-dubai-services-costs-hiring-checklist/,https://media87.com/,Home,,True
https://media87.com/social-media-marketing-agency-dubai-services-costs-hiring-checklist/,https://media87.com/2026/07/18/,"July 18, 2026",,True
https://media87.com/social-media-marketing-agency-dubai-services-costs-hiring-checklist/,https://media87.com/about-us/,About Us,,True
https://media87.com/social-media-marketing-agency-dubai-services-costs-hiring-checklist/,https://media87.com/about-us/,About Us,,True
https://media87.com/social-media-marketing-agency-dubai-services-costs-hiring-checklist/,https://media87.com/ai-video-creation-service/,AI Video Creation Service,,True
https://media87.com/social-media-marketing-agency-dubai-services-costs-hiring-checklist/,https://media87.com/ai-video-creation-service/,AI Video Creation Service,,True
https://media87.com/social-media-marketing-agency-dubai-services-costs-hiring-checklist/,https://media87.com/category/blog/,Blog,tag,True
https://media87.com/social-media-marketing-agency-dubai-services-costs-hiring-checklist/,https://media87.com/contact-us/,Contact Media87,,True
https://media87.com/social-media-marketing-agency-dubai-services-costs-hiring-checklist/,https://media87.com/contact-us/,Contact Us,,True
https://media87.com/social-media-marketing-agency-dubai-services-costs-hiring-checklist/,https://media87.com/contact-us/,Contact Us,,True
https://media87.com/social-media-marketing-agency-dubai-services-costs-hiring-checklist/,https://media87.com/digital-marketing-services-in-dubai/,digital marketing services in Dubai,,True
https://media87.com/social-media-marketing-agency-dubai-services-costs-hiring-checklist/,https://media87.com/digital-marketing-services-in-dubai/,digital marketing strategy in Dubai,,True
https://media87.com/social-media-marketing-agency-dubai-services-costs-hiring-checklist/,https://media87.com/google-ads-agency-dubai-questions-before-signing/,,,True
https://media87.com/social-media-marketing-agency-dubai-services-costs-hiring-checklist/,https://media87.com/google-ads-agency-dubai-questions-before-signing/,Google Ads Agency Dubai: 12 Questions to Ask Before You Sign,,True
https://media87.com/social-media-marketing-agency-dubai-services-costs-hiring-checklist/,https://media87.com/how-to-choose-dubai-digital-marketing-companies-partner/,How to Choose the Right Dubai Digital Marketing Companies Partner in Dubai,,True
https://media87.com/social-media-marketing-agency-dubai-services-costs-hiring-checklist/,https://media87.com/seo-consultant-dubai-process-timeline-results/,"SEO Consultant Dubai: Process, Timeline, and Expected Results",,True
https://media87.com/social-media-marketing-agency-dubai-services-costs-hiring-checklist/,https://media87.com/services/,Services,,True
https://media87.com/social-media-marketing-agency-dubai-services-costs-hiring-checklist/,https://media87.com/services/,Services,,True
https://media87.com/social-media-marketing-agency-dubai-services-costs-hiring-checklist/,https://media87.com/services/,marketing services,,True
https://media87.com/social-media-marketing-agency-dubai-services-costs-hiring-checklist/,https://media87.com/social-media-marketing-agency-dubai-services-costs-hiring-checklist/,Cancel reply,nofollow,True
https://media87.com/social-media-marketing-agency-dubai-services-costs-hiring-checklist/,https://media87.com/social-media-marketing-agency-dubai-services-costs-hiring-checklist/,No Comments,,True
https://media87.com/social-media-marketing-agency-dubai-services-costs-hiring-checklist/,https://media87.com/social-media-marketing-agency-dubai-services-costs-hiring-checklist/,"Social Media Marketing Agency Dubai: Services, Costs, and Hiring Checklist",,True
https://media87.com/social-media-marketing-agency-dubai-services-costs-hiring-checklist/,https://media87.com/top-mistakes-to-avoid-when-hiring-seo-in-uae/,Top Mistakes to Avoid When Hiring SEO in UAE,,True
https://media87.com/social-media-marketing-agency-dubai-services-costs-hiring-checklist/,https://media87.com/website-seo-vs-alternatives-uae-businesses/,Website SEO vs Alternatives: What Works for UAE Businesses for ranking,,True
https://media87.com/social-media-marketing-agency-dubai-services-costs-hiring-checklist/,https://support.google.com/analytics/answer/9267735,Google Analytics Help: events,,False
https://media87.com/social-media-marketing-agency-dubai-services-costs-hiring-checklist/,https://u.ae/en/information-and-services/justice-safety-and-the-law/consumer-protection,UAE Government: consumer protection,,False
https://media87.com/social-media-marketing-agency-dubai-services-costs-hiring-checklist/,https://www.facebook.com/business/help/488043719226449,Meta Business Help Center,,False
https://media87.com/social-media-marketing-agency-dubai-services-costs-hiring-checklist/,https://www.facebook.com/media87hq,Facebook-f,,False
https://media87.com/social-media-marketing-agency-dubai-services-costs-hiring-checklist/,https://www.instagram.com/media87hq/,Instagram,,False
https://media87.com/social-media-marketing-agency-dubai-services-costs-hiring-checklist/,https://www.linkedin.com/help/lms/answer/a424655,LinkedIn Marketing Solutions Help,,False
https://media87.com/social-media-marketing-agency-dubai-services-costs-hiring-checklist/,https://www.youtube.com/channel/UC4aK2G676UhHPvI_KjMdxVA,Youtube,,False
https://media87.com/top-digital-marketers-in-pakistan/,https://media87.com,,,True
https://media87.com/top-digital-marketers-in-pakistan/,https://media87.com/,Home,,True
https://media87.com/top-digital-marketers-in-pakistan/,https://media87.com/,Home,,True
https://media87.com/top-digital-marketers-in-pakistan/,https://media87.com/,Media87,,True
https://media87.com/top-digital-marketers-in-pakistan/,https://media87.com/2026/04/03/,"April 3, 2026",,True
https://media87.com/top-digital-marketers-in-pakistan/,https://media87.com/about-us/,About Us,,True
https://media87.com/top-digital-marketers-in-pakistan/,https://media87.com/about-us/,About Us,,True
https://media87.com/top-digital-marketers-in-pakistan/,https://media87.com/ai-video-creation-service/,AI Video Creation Service,,True
https://media87.com/top-digital-marketers-in-pakistan/,https://media87.com/ai-video-creation-service/,AI Video Creation Service,,True
https://media87.com/top-digital-marketers-in-pakistan/,https://media87.com/category/blog/,Blog,tag,True
https://media87.com/top-digital-marketers-in-pakistan/,https://media87.com/contact-us/,Contact Us,,True
https://media87.com/top-digital-marketers-in-pakistan/,https://media87.com/contact-us/,Contact Us,,True
https://media87.com/top-digital-marketers-in-pakistan/,https://media87.com/google-ads-agency-dubai-questions-before-signing/,,,True
https://media87.com/top-digital-marketers-in-pakistan/,https://media87.com/google-ads-agency-dubai-questions-before-signing/,Google Ads Agency Dubai: 12 Questions to Ask Before You Sign,,True
https://media87.com/top-digital-marketers-in-pakistan/,https://media87.com/how-to-choose-dubai-digital-marketing-companies-partner/,How to Choose the Right Dubai Digital Marketing Companies Partner in Dubai,,True
https://media87.com/top-digital-marketers-in-pakistan/,https://media87.com/seo-consultant-dubai-process-timeline-results/,"SEO Consultant Dubai: Process, Timeline, and Expected Results",,True
https://media87.com/top-digital-marketers-in-pakistan/,https://media87.com/services/,Services,,True
https://media87.com/top-digital-marketers-in-pakistan/,https://media87.com/services/,Services,,True
https://media87.com/top-digital-marketers-in-pakistan/,https://media87.com/social-media-marketing-agency-dubai-services-costs-hiring-checklist/,"Social Media Marketing Agency Dubai: Services, Costs, and Hiring Checklist",,True
https://media87.com/top-digital-marketers-in-pakistan/,https://media87.com/top-digital-marketers-in-pakistan/,Cancel reply,nofollow,True
https://media87.com/top-digital-marketers-in-pakistan/,https://media87.com/top-digital-marketers-in-pakistan/,No Comments,,True
https://media87.com/top-digital-marketers-in-pakistan/,https://media87.com/top-mistakes-to-avoid-when-hiring-seo-in-uae/,Top Mistakes to Avoid When Hiring SEO in UAE,,True
https://media87.com/top-digital-marketers-in-pakistan/,https://media87.com/website-seo-vs-alternatives-uae-businesses/,Website SEO vs Alternatives: What Works for UAE Businesses for ranking,,True
https://media87.com/top-digital-marketers-in-pakistan/,https://www.facebook.com/media87hq,Facebook-f,,False
https://media87.com/top-digital-marketers-in-pakistan/,https://www.instagram.com/media87hq/,Instagram,,False
https://media87.com/top-digital-marketers-in-pakistan/,https://www.youtube.com/channel/UC4aK2G676UhHPvI_KjMdxVA,Youtube,,False
https://media87.com/top-mistakes-to-avoid-when-hiring-seo-in-uae/,https://developers.google.com/search/docs/essentials/spam-policies,Google Search Central: spam policies,,False
https://media87.com/top-mistakes-to-avoid-when-hiring-seo-in-uae/,https://developers.google.com/search/docs/fundamentals/creating-helpful-content,Google Search Central: creating helpful content,,False
https://media87.com/top-mistakes-to-avoid-when-hiring-seo-in-uae/,https://developers.google.com/search/docs/fundamentals/seo-starter-guide,Google Search Central: SEO starter guide,,False
https://media87.com/top-mistakes-to-avoid-when-hiring-seo-in-uae/,https://media87.com,,,True
https://media87.com/top-mistakes-to-avoid-when-hiring-seo-in-uae/,https://media87.com/,Home,,True
https://media87.com/top-mistakes-to-avoid-when-hiring-seo-in-uae/,https://media87.com/,Home,,True
https://media87.com/top-mistakes-to-avoid-when-hiring-seo-in-uae/,https://media87.com/2026/06/23/,"June 23, 2026",,True
https://media87.com/top-mistakes-to-avoid-when-hiring-seo-in-uae/,https://media87.com/about-us/,About Us,,True
https://media87.com/top-mistakes-to-avoid-when-hiring-seo-in-uae/,https://media87.com/about-us/,About Us,,True
https://media87.com/top-mistakes-to-avoid-when-hiring-seo-in-uae/,https://media87.com/ai-video-creation-service/,AI Video Creation Service,,True
https://media87.com/top-mistakes-to-avoid-when-hiring-seo-in-uae/,https://media87.com/ai-video-creation-service/,AI Video Creation Service,,True
https://media87.com/top-mistakes-to-avoid-when-hiring-seo-in-uae/,https://media87.com/category/blog/,Blog,tag,True
https://media87.com/top-mistakes-to-avoid-when-hiring-seo-in-uae/,https://media87.com/contact-us/,Contact Us,,True
https://media87.com/top-mistakes-to-avoid-when-hiring-seo-in-uae/,https://media87.com/contact-us/,Contact Us,,True
https://media87.com/top-mistakes-to-avoid-when-hiring-seo-in-uae/,https://media87.com/digital-marketing-services-dubai/,digital marketing services in Dubai,,True
https://media87.com/top-mistakes-to-avoid-when-hiring-seo-in-uae/,https://media87.com/google-ads-agency-dubai-questions-before-signing/,,,True
https://media87.com/top-mistakes-to-avoid-when-hiring-seo-in-uae/,https://media87.com/google-ads-agency-dubai-questions-before-signing/,Google Ads Agency Dubai: 12 Questions to Ask Before You Sign,,True
https://media87.com/top-mistakes-to-avoid-when-hiring-seo-in-uae/,https://media87.com/google-ads-management-dubai/,Google Ads management in Dubai,,True
https://media87.com/top-mistakes-to-avoid-when-hiring-seo-in-uae/,https://media87.com/how-to-choose-dubai-digital-marketing-companies-partner/,How to Choose the Right Dubai Digital Marketing Companies Partner in Dubai,,True
https://media87.com/top-mistakes-to-avoid-when-hiring-seo-in-uae/,https://media87.com/seo-consultant-dubai-process-timeline-results/,"SEO Consultant Dubai: Process, Timeline, and Expected Results",,True
https://media87.com/top-mistakes-to-avoid-when-hiring-seo-in-uae/,https://media87.com/seo-services-dubai/,SEO services in Dubai,,True
https://media87.com/top-mistakes-to-avoid-when-hiring-seo-in-uae/,https://media87.com/services/,Services,,True
https://media87.com/top-mistakes-to-avoid-when-hiring-seo-in-uae/,https://media87.com/services/,Services,,True
https://media87.com/top-mistakes-to-avoid-when-hiring-seo-in-uae/,https://media87.com/social-media-marketing-agency-dubai-services-costs-hiring-checklist/,"Social Media Marketing Agency Dubai: Services, Costs, and Hiring Checklist",,True
https://media87.com/top-mistakes-to-avoid-when-hiring-seo-in-uae/,https://media87.com/top-mistakes-to-avoid-when-hiring-seo-in-uae/,Cancel reply,nofollow,True
https://media87.com/top-mistakes-to-avoid-when-hiring-seo-in-uae/,https://media87.com/top-mistakes-to-avoid-when-hiring-seo-in-uae/,No Comments,,True
https://media87.com/top-mistakes-to-avoid-when-hiring-seo-in-uae/,https://media87.com/top-mistakes-to-avoid-when-hiring-seo-in-uae/,Top Mistakes to Avoid When Hiring SEO in UAE,,True
https://media87.com/top-mistakes-to-avoid-when-hiring-seo-in-uae/,https://media87.com/website-seo-vs-alternatives-uae-businesses/,Website SEO vs Alternatives: What Works for UAE Businesses for ranking,,True
https://media87.com/top-mistakes-to-avoid-when-hiring-seo-in-uae/,https://support.google.com/webmasters/answer/35769,Google Search Central: SEO basics,,False
https://media87.com/top-mistakes-to-avoid-when-hiring-seo-in-uae/,https://www.facebook.com/media87hq,Facebook-f,,False
https://media87.com/top-mistakes-to-avoid-when-hiring-seo-in-uae/,https://www.instagram.com/media87hq/,Instagram,,False
https://media87.com/top-mistakes-to-avoid-when-hiring-seo-in-uae/,https://www.youtube.com/channel/UC4aK2G676UhHPvI_KjMdxVA,Youtube,,False
https://media87.com/useful-prompts-for-nano-banana-part-1/,https://media87.com,,,True
https://media87.com/useful-prompts-for-nano-banana-part-1/,https://media87.com/,Home,,True
https://media87.com/useful-prompts-for-nano-banana-part-1/,https://media87.com/,Home,,True
https://media87.com/useful-prompts-for-nano-banana-part-1/,https://media87.com/,Media87,,True
https://media87.com/useful-prompts-for-nano-banana-part-1/,https://media87.com/2026/01/12/,"January 12, 2026",,True
https://media87.com/useful-prompts-for-nano-banana-part-1/,https://media87.com/about-us/,About Us,,True
https://media87.com/useful-prompts-for-nano-banana-part-1/,https://media87.com/about-us/,About Us,,True
https://media87.com/useful-prompts-for-nano-banana-part-1/,https://media87.com/ai-video-creation-service/,AI Video Creation Service,,True
https://media87.com/useful-prompts-for-nano-banana-part-1/,https://media87.com/ai-video-creation-service/,AI Video Creation Service,,True
https://media87.com/useful-prompts-for-nano-banana-part-1/,https://media87.com/category/blog/,Blog,tag,True
https://media87.com/useful-prompts-for-nano-banana-part-1/,https://media87.com/contact-us/,Contact Us,,True
https://media87.com/useful-prompts-for-nano-banana-part-1/,https://media87.com/contact-us/,Contact Us,,True
https://media87.com/useful-prompts-for-nano-banana-part-1/,https://media87.com/google-ads-agency-dubai-questions-before-signing/,,,True
https://media87.com/useful-prompts-for-nano-banana-part-1/,https://media87.com/google-ads-agency-dubai-questions-before-signing/,Google Ads Agency Dubai: 12 Questions to Ask Before You Sign,,True
https://media87.com/useful-prompts-for-nano-banana-part-1/,https://media87.com/how-to-choose-dubai-digital-marketing-companies-partner/,How to Choose the Right Dubai Digital Marketing Companies Partner in Dubai,,True
https://media87.com/useful-prompts-for-nano-banana-part-1/,https://media87.com/seo-consultant-dubai-process-timeline-results/,"SEO Consultant Dubai: Process, Timeline, and Expected Results",,True
https://media87.com/useful-prompts-for-nano-banana-part-1/,https://media87.com/services/,Services,,True
https://media87.com/useful-prompts-for-nano-banana-part-1/,https://media87.com/services/,Services,,True
https://media87.com/useful-prompts-for-nano-banana-part-1/,https://media87.com/social-media-marketing-agency-dubai-services-costs-hiring-checklist/,"Social Media Marketing Agency Dubai: Services, Costs, and Hiring Checklist",,True
https://media87.com/useful-prompts-for-nano-banana-part-1/,https://media87.com/top-mistakes-to-avoid-when-hiring-seo-in-uae/,Top Mistakes to Avoid When Hiring SEO in UAE,,True
https://media87.com/useful-prompts-for-nano-banana-part-1/,https://media87.com/useful-prompts-for-nano-banana-part-1/,Cancel reply,nofollow,True
https://media87.com/useful-prompts-for-nano-banana-part-1/,https://media87.com/useful-prompts-for-nano-banana-part-1/,No Comments,,True
https://media87.com/useful-prompts-for-nano-banana-part-1/,https://media87.com/website-seo-vs-alternatives-uae-businesses/,Website SEO vs Alternatives: What Works for UAE Businesses for ranking,,True
https://media87.com/useful-prompts-for-nano-banana-part-1/,https://www.facebook.com/media87hq,Facebook-f,,False
https://media87.com/useful-prompts-for-nano-banana-part-1/,https://www.instagram.com/media87hq/,Instagram,,False
https://media87.com/useful-prompts-for-nano-banana-part-1/,https://www.youtube.com/channel/UC4aK2G676UhHPvI_KjMdxVA,Youtube,,False
https://media87.com/water-mark-remover/,https://media87.com,,,True
https://media87.com/water-mark-remover/,https://media87.com/,Home,,True
https://media87.com/water-mark-remover/,https://media87.com/,Home,,True
https://media87.com/water-mark-remover/,https://media87.com/,Media87 digital services,,True
https://media87.com/water-mark-remover/,https://media87.com/2026/01/01/,"January 1, 2026",,True
https://media87.com/water-mark-remover/,https://media87.com/about-us/,About Us,,True
https://media87.com/water-mark-remover/,https://media87.com/about-us/,About Us,,True
https://media87.com/water-mark-remover/,https://media87.com/ai-video-creation-service/,AI Video Creation Service,,True
https://media87.com/water-mark-remover/,https://media87.com/ai-video-creation-service/,AI Video Creation Service,,True
https://media87.com/water-mark-remover/,https://media87.com/category/blog/,Blog,tag,True
https://media87.com/water-mark-remover/,https://media87.com/contact-us/,Contact Us,,True
https://media87.com/water-mark-remover/,https://media87.com/contact-us/,Contact Us,,True
https://media87.com/water-mark-remover/,https://media87.com/google-ads-agency-dubai-questions-before-signing/,,,True
https://media87.com/water-mark-remover/,https://media87.com/google-ads-agency-dubai-questions-before-signing/,Google Ads Agency Dubai: 12 Questions to Ask Before You Sign,,True
https://media87.com/water-mark-remover/,https://media87.com/how-to-choose-dubai-digital-marketing-companies-partner/,How to Choose the Right Dubai Digital Marketing Companies Partner in Dubai,,True
https://media87.com/water-mark-remover/,https://media87.com/seo-consultant-dubai-process-timeline-results/,"SEO Consultant Dubai: Process, Timeline, and Expected Results",,True
https://media87.com/water-mark-remover/,https://media87.com/services/,Services,,True
https://media87.com/water-mark-remover/,https://media87.com/services/,Services,,True
https://media87.com/water-mark-remover/,https://media87.com/social-media-marketing-agency-dubai-services-costs-hiring-checklist/,"Social Media Marketing Agency Dubai: Services, Costs, and Hiring Checklist",,True
https://media87.com/water-mark-remover/,https://media87.com/top-mistakes-to-avoid-when-hiring-seo-in-uae/,Top Mistakes to Avoid When Hiring SEO in UAE,,True
https://media87.com/water-mark-remover/,https://media87.com/water-mark-remover/,Cancel reply,nofollow,True
https://media87.com/water-mark-remover/,https://media87.com/water-mark-remover/,No Comments,,True
https://media87.com/water-mark-remover/,https://media87.com/website-seo-vs-alternatives-uae-businesses/,Website SEO vs Alternatives: What Works for UAE Businesses for ranking,,True
https://media87.com/water-mark-remover/,https://www.facebook.com/media87hq,Facebook-f,,False
https://media87.com/water-mark-remover/,https://www.instagram.com/media87hq/,Instagram,,False
https://media87.com/water-mark-remover/,https://www.youtube.com/channel/UC4aK2G676UhHPvI_KjMdxVA,Youtube,,False
https://media87.com/website-seo-vs-alternatives-uae-businesses/,https://developers.google.com/search/docs/essentials/spam-policies,Google Search Central: spam policies,,False
https://media87.com/website-seo-vs-alternatives-uae-businesses/,https://developers.google.com/search/docs/fundamentals/creating-helpful-content,Google Search Central: creating helpful content,,False
https://media87.com/website-seo-vs-alternatives-uae-businesses/,https://developers.google.com/search/docs/fundamentals/seo-starter-guide,Google Search Central: SEO starter guide,,False
https://media87.com/website-seo-vs-alternatives-uae-businesses/,https://media87.com,,,True
https://media87.com/website-seo-vs-alternatives-uae-businesses/,https://media87.com/,Home,,True
https://media87.com/website-seo-vs-alternatives-uae-businesses/,https://media87.com/,Home,,True
https://media87.com/website-seo-vs-alternatives-uae-businesses/,https://media87.com/2026/07/01/,"July 1, 2026",,True
https://media87.com/website-seo-vs-alternatives-uae-businesses/,https://media87.com/about-us/,About Us,,True
https://media87.com/website-seo-vs-alternatives-uae-businesses/,https://media87.com/about-us/,About Us,,True
https://media87.com/website-seo-vs-alternatives-uae-businesses/,https://media87.com/ai-video-creation-service/,AI Video Creation Service,,True
https://media87.com/website-seo-vs-alternatives-uae-businesses/,https://media87.com/ai-video-creation-service/,AI Video Creation Service,,True
https://media87.com/website-seo-vs-alternatives-uae-businesses/,https://media87.com/category/blog/,Blog,tag,True
https://media87.com/website-seo-vs-alternatives-uae-businesses/,https://media87.com/contact-us/,Contact Us,,True
https://media87.com/website-seo-vs-alternatives-uae-businesses/,https://media87.com/contact-us/,Contact Us,,True
https://media87.com/website-seo-vs-alternatives-uae-businesses/,https://media87.com/contact/,Contact Media87,,True
https://media87.com/website-seo-vs-alternatives-uae-businesses/,https://media87.com/digital-marketing-services-dubai/,digital marketing services in Dubai,,True
https://media87.com/website-seo-vs-alternatives-uae-businesses/,https://media87.com/google-ads-agency-dubai-questions-before-signing/,,,True
https://media87.com/website-seo-vs-alternatives-uae-businesses/,https://media87.com/google-ads-agency-dubai-questions-before-signing/,Google Ads Agency Dubai: 12 Questions to Ask Before You Sign,,True
https://media87.com/website-seo-vs-alternatives-uae-businesses/,https://media87.com/google-ads-management-dubai/,Google Ads management in Dubai,,True
https://media87.com/website-seo-vs-alternatives-uae-businesses/,https://media87.com/how-to-choose-dubai-digital-marketing-companies-partner/,How to Choose the Right Dubai Digital Marketing Companies Partner in Dubai,,True
https://media87.com/website-seo-vs-alternatives-uae-businesses/,https://media87.com/seo-consultant-dubai-process-timeline-results/,"SEO Consultant Dubai: Process, Timeline, and Expected Results",,True
https://media87.com/website-seo-vs-alternatives-uae-businesses/,https://media87.com/seo-services-dubai/,SEO services in Dubai,,True
https://media87.com/website-seo-vs-alternatives-uae-businesses/,https://media87.com/services/,Services,,True
https://media87.com/website-seo-vs-alternatives-uae-businesses/,https://media87.com/services/,Services,,True
https://media87.com/website-seo-vs-alternatives-uae-businesses/,https://media87.com/social-media-marketing-agency-dubai-services-costs-hiring-checklist/,"Social Media Marketing Agency Dubai: Services, Costs, and Hiring Checklist",,True
https://media87.com/website-seo-vs-alternatives-uae-businesses/,https://media87.com/top-mistakes-to-avoid-when-hiring-seo-in-uae/,Top Mistakes to Avoid When Hiring SEO in UAE,,True
https://media87.com/website-seo-vs-alternatives-uae-businesses/,https://media87.com/website-seo-vs-alternatives-uae-businesses/,Cancel reply,nofollow,True
https://media87.com/website-seo-vs-alternatives-uae-businesses/,https://media87.com/website-seo-vs-alternatives-uae-businesses/,No Comments,,True
https://media87.com/website-seo-vs-alternatives-uae-businesses/,https://media87.com/website-seo-vs-alternatives-uae-businesses/,Website SEO vs Alternatives: What Works for UAE Businesses for ranking,,True
https://media87.com/website-seo-vs-alternatives-uae-businesses/,https://support.google.com/analytics/answer/9322688,Google Analytics Help: conversions and key events,,False
https://media87.com/website-seo-vs-alternatives-uae-businesses/,https://support.google.com/google-ads/answer/6167118,Google Ads Help: improve performance with optimization score,,False
https://media87.com/website-seo-vs-alternatives-uae-businesses/,https://www.facebook.com/media87hq,Facebook-f,,False
https://media87.com/website-seo-vs-alternatives-uae-businesses/,https://www.instagram.com/media87hq/,Instagram,,False
https://media87.com/website-seo-vs-alternatives-uae-businesses/,https://www.youtube.com/channel/UC4aK2G676UhHPvI_KjMdxVA,Youtube,,False
https://media87.com/whatsapp-automation-for-restaurants-complete-2025-guide/,https://media87.com,,,True
https://media87.com/whatsapp-automation-for-restaurants-complete-2025-guide/,https://media87.com/,Home,,True
https://media87.com/whatsapp-automation-for-restaurants-complete-2025-guide/,https://media87.com/,Home,,True
https://media87.com/whatsapp-automation-for-restaurants-complete-2025-guide/,https://media87.com/,Media87,,True
https://media87.com/whatsapp-automation-for-restaurants-complete-2025-guide/,https://media87.com/2026/02/15/,"February 15, 2026",,True
https://media87.com/whatsapp-automation-for-restaurants-complete-2025-guide/,https://media87.com/about-us/,About Us,,True
https://media87.com/whatsapp-automation-for-restaurants-complete-2025-guide/,https://media87.com/about-us/,About Us,,True
https://media87.com/whatsapp-automation-for-restaurants-complete-2025-guide/,https://media87.com/ai-video-creation-service/,AI Video Creation Service,,True
https://media87.com/whatsapp-automation-for-restaurants-complete-2025-guide/,https://media87.com/ai-video-creation-service/,AI Video Creation Service,,True
https://media87.com/whatsapp-automation-for-restaurants-complete-2025-guide/,https://media87.com/category/blog/,Blog,tag,True
https://media87.com/whatsapp-automation-for-restaurants-complete-2025-guide/,https://media87.com/contact-us/,Contact Us,,True
https://media87.com/whatsapp-automation-for-restaurants-complete-2025-guide/,https://media87.com/contact-us/,Contact Us,,True
https://media87.com/whatsapp-automation-for-restaurants-complete-2025-guide/,https://media87.com/google-ads-agency-dubai-questions-before-signing/,,,True
https://media87.com/whatsapp-automation-for-restaurants-complete-2025-guide/,https://media87.com/google-ads-agency-dubai-questions-before-signing/,Google Ads Agency Dubai: 12 Questions to Ask Before You Sign,,True
https://media87.com/whatsapp-automation-for-restaurants-complete-2025-guide/,https://media87.com/how-to-choose-dubai-digital-marketing-companies-partner/,How to Choose the Right Dubai Digital Marketing Companies Partner in Dubai,,True
https://media87.com/whatsapp-automation-for-restaurants-complete-2025-guide/,https://media87.com/seo-consultant-dubai-process-timeline-results/,"SEO Consultant Dubai: Process, Timeline, and Expected Results",,True
https://media87.com/whatsapp-automation-for-restaurants-complete-2025-guide/,https://media87.com/services/,Services,,True
https://media87.com/whatsapp-automation-for-restaurants-complete-2025-guide/,https://media87.com/services/,Services,,True
https://media87.com/whatsapp-automation-for-restaurants-complete-2025-guide/,https://media87.com/social-media-marketing-agency-dubai-services-costs-hiring-checklist/,"Social Media Marketing Agency Dubai: Services, Costs, and Hiring Checklist",,True
https://media87.com/whatsapp-automation-for-restaurants-complete-2025-guide/,https://media87.com/top-mistakes-to-avoid-when-hiring-seo-in-uae/,Top Mistakes to Avoid When Hiring SEO in UAE,,True
https://media87.com/whatsapp-automation-for-restaurants-complete-2025-guide/,https://media87.com/website-seo-vs-alternatives-uae-businesses/,Website SEO vs Alternatives: What Works for UAE Businesses for ranking,,True
https://media87.com/whatsapp-automation-for-restaurants-complete-2025-guide/,https://media87.com/whatsapp-automation-for-restaurants-complete-2025-guide/,Cancel reply,nofollow,True
https://media87.com/whatsapp-automation-for-restaurants-complete-2025-guide/,https://media87.com/whatsapp-automation-for-restaurants-complete-2025-guide/,No Comments,,True
https://media87.com/whatsapp-automation-for-restaurants-complete-2025-guide/,https://www.facebook.com/media87hq,Facebook-f,,False
https://media87.com/whatsapp-automation-for-restaurants-complete-2025-guide/,https://www.instagram.com/media87hq/,Instagram,,False
https://media87.com/whatsapp-automation-for-restaurants-complete-2025-guide/,https://www.youtube.com/channel/UC4aK2G676UhHPvI_KjMdxVA,Youtube,,False
https://media87.com/why-chatbots-are-important-for-local-businesses-in-the-uae/,https://media87.com,,,True
https://media87.com/why-chatbots-are-important-for-local-businesses-in-the-uae/,https://media87.com/,Home,,True
https://media87.com/why-chatbots-are-important-for-local-businesses-in-the-uae/,https://media87.com/,Home,,True
https://media87.com/why-chatbots-are-important-for-local-businesses-in-the-uae/,https://media87.com/,Media87,,True
https://media87.com/why-chatbots-are-important-for-local-businesses-in-the-uae/,https://media87.com/2026/01/09/,"January 9, 2026",,True
https://media87.com/why-chatbots-are-important-for-local-businesses-in-the-uae/,https://media87.com/about-us/,About Us,,True
https://media87.com/why-chatbots-are-important-for-local-businesses-in-the-uae/,https://media87.com/about-us/,About Us,,True
https://media87.com/why-chatbots-are-important-for-local-businesses-in-the-uae/,https://media87.com/ai-video-creation-service/,AI Video Creation Service,,True
https://media87.com/why-chatbots-are-important-for-local-businesses-in-the-uae/,https://media87.com/ai-video-creation-service/,AI Video Creation Service,,True
https://media87.com/why-chatbots-are-important-for-local-businesses-in-the-uae/,https://media87.com/category/blog/,Blog,tag,True
https://media87.com/why-chatbots-are-important-for-local-businesses-in-the-uae/,https://media87.com/contact-us/,Contact Us,,True
https://media87.com/why-chatbots-are-important-for-local-businesses-in-the-uae/,https://media87.com/contact-us/,Contact Us,,True
https://media87.com/why-chatbots-are-important-for-local-businesses-in-the-uae/,https://media87.com/google-ads-agency-dubai-questions-before-signing/,,,True
https://media87.com/why-chatbots-are-important-for-local-businesses-in-the-uae/,https://media87.com/google-ads-agency-dubai-questions-before-signing/,Google Ads Agency Dubai: 12 Questions to Ask Before You Sign,,True
https://media87.com/why-chatbots-are-important-for-local-businesses-in-the-uae/,https://media87.com/how-to-choose-dubai-digital-marketing-companies-partner/,How to Choose the Right Dubai Digital Marketing Companies Partner in Dubai,,True
https://media87.com/why-chatbots-are-important-for-local-businesses-in-the-uae/,https://media87.com/seo-consultant-dubai-process-timeline-results/,"SEO Consultant Dubai: Process, Timeline, and Expected Results",,True
https://media87.com/why-chatbots-are-important-for-local-businesses-in-the-uae/,https://media87.com/services/,Services,,True
https://media87.com/why-chatbots-are-important-for-local-businesses-in-the-uae/,https://media87.com/services/,Services,,True
https://media87.com/why-chatbots-are-important-for-local-businesses-in-the-uae/,https://media87.com/social-media-marketing-agency-dubai-services-costs-hiring-checklist/,"Social Media Marketing Agency Dubai: Services, Costs, and Hiring Checklist",,True
https://media87.com/why-chatbots-are-important-for-local-businesses-in-the-uae/,https://media87.com/top-mistakes-to-avoid-when-hiring-seo-in-uae/,Top Mistakes to Avoid When Hiring SEO in UAE,,True
https://media87.com/why-chatbots-are-important-for-local-businesses-in-the-uae/,https://media87.com/website-seo-vs-alternatives-uae-businesses/,Website SEO vs Alternatives: What Works for UAE Businesses for ranking,,True
https://media87.com/why-chatbots-are-important-for-local-businesses-in-the-uae/,https://media87.com/why-chatbots-are-important-for-local-businesses-in-the-uae/,Cancel reply,nofollow,True
https://media87.com/why-chatbots-are-important-for-local-businesses-in-the-uae/,https://media87.com/why-chatbots-are-important-for-local-businesses-in-the-uae/,No Comments,,True
https://media87.com/why-chatbots-are-important-for-local-businesses-in-the-uae/,https://www.facebook.com/media87hq,Facebook-f,,False
https://media87.com/why-chatbots-are-important-for-local-businesses-in-the-uae/,https://www.instagram.com/media87hq/,Instagram,,False
https://media87.com/why-chatbots-are-important-for-local-businesses-in-the-uae/,https://www.youtube.com/channel/UC4aK2G676UhHPvI_KjMdxVA,Youtube,,False
